mmsi,0
440800014,1405
338199855,1392
367616260,1388
367458840,1376
368311450,1374
366207650,1371
368091590,1367
368179250,1367
367307320,1364
368139280,1362
367002210,1361
367653630,1360
303829064,1359
367331730,1359
367029960,1353
367513160,1351
338358775,1347
367380280,1347
366932120,1346
368055920,1344
367529030,1343
367517760,1342
368039240,1342
367182120,1342
368102360,1341
368039230,1341
367481670,1341
368218350,1340
369970657,1340
369970377,1340
368048120,1340
367456350,1340
338494100,1340
367546860,1340
368330960,1339
367450580,1339
367547090,1339
367481570,1339
505187000,1339
368161580,1338
366993020,1338
367504950,1338
368165260,1338
366952790,1337
367664510,1337
367306940,1337
367155110,1337
367309480,1337
367170860,1336
368257130,1336
367638480,1336
368315650,1335
367084010,1335
368262250,1335
367564470,1334
368323130,1334
367057930,1334
368039750,1334
368084470,1334
367481660,1334
367156340,1333
368055550,1333
368149110,1333
368231430,1332
367475510,1332
366970780,1332
367471450,1332
367319430,1332
368230810,1331
367432180,1331
360000000,1331
367549430,1331
368006860,1331
367399880,1331
368106220,1330
367354540,1330
366986310,1330
367552120,1330
366935020,1330
367081140,1330
368177590,1330
367599850,1329
367047270,1329
366967670,1329
367532880,1329
367012640,1329
366961540,1329
367719770,1328
267188530,1328
368142750,1328
368233270,1328
367504960,1328
368157130,1328
366988580,1327
366986320,1327
366963340,1327
367481620,1327
338199061,1327
368102270,1327
368063940,1327
367151460,1326
367613760,1326
367739320,1326
367533940,1326
367719730,1326
367327970,1325
368121820,1325
368102380,1325
367403580,1325
367728730,1325
367073370,1325
367779120,1325
368117020,1325
367642490,1324
367501660,1324
368083770,1324
368063310,1324
367777960,1323
366986380,1323
367789370,1323
367102030,1323
366997940,1323
368019970,1323
367433620,1323
367549670,1323
368222890,1322
367561430,1322
368073550,1322
367004570,1322
367732690,1322
368176430,1322
367311640,1322
368129980,1321
368370970,1321
366990010,1321
367004760,1321
367455140,1321
367502170,1320
367512520,1320
367504890,1320
366997220,1320
368213040,1320
367309210,1320
367143910,1320
366979150,1320
367637970,1320
367050250,1319
366997730,1319
367074940,1319
367007770,1319
367744120,1319
366954120,1319
636092778,1319
366998110,1319
367057390,1319
367631990,1319
367057860,1318
367546880,1318
366959350,1318
367702010,1318
367710320,1318
367388170,1318
366799090,1318
368102370,1317
367509510,1317
367731330,1317
368264040,1317
368041480,1317
367343510,1317
367530760,1317
367482970,1317
368013770,1317
367056060,1316
367524420,1316
368070660,1316
366997750,1316
367481550,1315
367765950,1315
367012670,1315
367314830,1315
366920840,1315
367366340,1315
368059440,1314
367615770,1314
367539060,1314
368247290,1314
367702490,1314
367031390,1314
367049010,1314
366999514,1313
368006020,1313
366963460,1313
367580880,1313
366744020,1313
366984960,1313
367057450,1312
366935420,1312
366919210,1312
367325760,1311
366953920,1311
367721310,1311
366961280,1311
367550490,1311
367528110,1310
367103180,1310
367767410,1310
368269380,1310
368010320,1309
316001213,1309
367680160,1309
367162750,1309
258953000,1309
368169220,1308
367614940,1308
368139660,1308
367012660,1308
367456840,1307
367670110,1307
367162740,1307
368348470,1307
366996040,1307
367702130,1307
368119110,1307
367752120,1306
367374630,1306
367057410,1306
367720690,1306
367373630,1306
367388280,1306
366772780,1305
367335830,1305
311000361,1305
368061040,1304
367757270,1304
367003870,1304
366264360,1304
316031773,1304
368103560,1304
367597250,1303
367774000,1303
366973590,1302
367539920,1302
367384780,1302
367764520,1302
367728750,1302
368031660,1302
367189940,1302
367465980,1301
367313850,1301
367075110,1301
366709770,1301
367702040,1301
368278220,1301
367318730,1301
314789000,1301
367767860,1301
255915622,1300
367008680,1300
367690950,1300
368286850,1300
368683000,1300
366995360,1300
367347130,1300
368091250,1300
368252160,1300
368396216,1299
367047180,1299
367047170,1299
367772180,1299
368177010,1299
368121540,1299
367522850,1299
368285070,1299
367057380,1299
368144320,1299
366772760,1298
368194250,1298
367560590,1298
368276480,1298
367706830,1297
368130840,1297
366995590,1297
367015830,1297
367744130,1297
367098070,1297
368276970,1296
367002380,1296
367710250,1296
366983110,1296
367437420,1296
367781550,1296
367755970,1296
316011710,1296
367431640,1296
368082340,1296
367474360,1296
367653530,1296
212215000,1295
369850000,1295
367767850,1295
367101920,1295
367744140,1295
367135070,1295
367702780,1295
367777460,1295
303682000,1295
367182630,1295
303589000,1295
368341960,1295
368286810,1294
367137180,1294
366740280,1294
316036228,1294
367129500,1294
366968740,1294
368250030,1294
367457250,1294
367002660,1294
367145870,1294
368150680,1294
367712660,1293
368216230,1293
367318750,1293
367444220,1293
368217490,1293
366995450,1293
368306280,1293
367479990,1293
367740820,1293
367001830,1293
366997760,1292
367000110,1292
368202480,1292
366995810,1292
368243880,1292
366991790,1292
367468960,1292
367088880,1292
367301450,1291
367505770,1291
366996910,1291
366995370,1291
367425950,1291
366772750,1291
367017960,1291
367169710,1291
367560890,1291
366553750,1291
368348110,1290
367120230,1290
368224850,1290
367338430,1290
367702920,1290
368158770,1290
368214730,1290
367649320,1290
369234000,1290
366919770,1290
368088330,1290
367581680,1289
368312320,1289
367597350,1289
367157090,1289
368056750,1289
368150730,1289
368202070,1289
367448060,1289
366772960,1289
367518250,1289
368351530,1289
367431550,1289
367702550,1288
366408250,1288
367115000,1288
367352240,1288
367588580,1288
367379910,1288
367728690,1288
367505870,1287
366989480,1287
367309870,1287
304972000,1287
367541690,1287
367628230,1287
368225760,1287
367594490,1287
368034940,1287
367681480,1286
366823870,1286
368336020,1286
367393030,1286
366981080,1286
368056120,1286
367458670,1286
366902570,1286
366961250,1286
367077220,1286
368330600,1285
338533000,1285
366677000,1285
367387230,1285
367057310,1285
367480070,1285
368332760,1285
367002070,1285
368756000,1285
368098000,1284
367138710,1284
367005180,1284
367633230,1284
368334430,1284
367744620,1284
367001570,1284
368328620,1284
368256040,1284
366996790,1283
366896250,1283
368184080,1283
367063240,1283
367014440,1283
368141510,1283
366961230,1283
367151850,1283
367796610,1283
368113990,1283
368077830,1283
368289320,1283
367596190,1283
366995670,1283
367015670,1283
367114880,1283
367334360,1282
367702340,1282
368103510,1282
367702470,1282
367352250,1282
368926001,1282
368173440,1282
367770270,1282
367703560,1282
367478440,1282
367702560,1282
368036960,1281
367639270,1281
368027230,1281
367091050,1281
367685950,1281
367362460,1281
367041150,1281
255806498,1281
366994190,1281
219456000,1281
368175520,1281
368331910,1280
366759130,1280
367479650,1280
367493020,1280
368155390,1280
367505510,1280
367787670,1280
367120550,1280
367574880,1280
367741510,1280
367006810,1280
366952870,1279
367548230,1279
367689760,1279
256240000,1279
367702440,1279
368136920,1279
367003630,1279
366977480,1279
368165580,1279
367537450,1279
366997930,1279
367428170,1279
367057830,1279
368353080,1279
367091120,1279
367679550,1278
367179990,1278
311475000,1278
367526590,1278
367156850,1278
366963030,1278
367704590,1278
368115030,1278
367512630,1278
366997840,1278
367532810,1278
367570840,1278
368169710,1277
366984940,1277
368103470,1277
367165130,1277
368092840,1277
368208250,1277
367378120,1277
368310270,1277
367186340,1277
367702240,1276
367702430,1276
367075190,1276
368006670,1276
368200390,1276
367819000,1276
367535290,1276
367555480,1276
368302990,1276
367439810,1276
368926350,1276
367313240,1275
338454000,1275
367579920,1275
366998130,1275
366951240,1275
366946840,1275
367584510,1275
367004850,1275
367424750,1275
367088190,1275
368280820,1275
367756210,1275
367702390,1275
368083470,1275
368335990,1275
367628070,1275
368097780,1275
368119090,1275
367568460,1275
367670870,1275
367045970,1274
368189290,1274
367343420,1274
368303370,1274
367481540,1274
338371319,1274
367341190,1274
367302370,1274
368274430,1274
366991860,1274
367108790,1274
366998040,1274
366961550,1274
368273690,1273
366829480,1273
367309860,1273
367702060,1273
367598440,1273
367559840,1273
367087240,1273
367011510,1273
367557410,1273
367570970,1273
440253000,1273
367702480,1273
367648290,1272
368172490,1272
366892660,1272
338862000,1272
368118320,1272
368351150,1272
366995910,1272
368018310,1272
367618670,1272
369970481,1272
368341080,1272
367174060,1272
367389230,1272
366958910,1272
367662530,1272
368169450,1272
367057460,1271
367318760,1271
366945650,1271
368353340,1271
368201210,1271
367069420,1271
367106880,1271
366961460,1271
367106130,1271
367663890,1271
366989120,1271
368061720,1271
367430790,1271
368172370,1271
368311730,1271
368308420,1271
368334590,1271
367587010,1270
367473550,1270
367075020,1270
367120490,1270
367407750,1270
367062370,1270
368355450,1270
368307550,1270
247341500,1270
367400420,1270
366943460,1269
367481650,1269
538006351,1269
367584490,1269
366990020,1269
368033820,1269
367688580,1269
367511270,1269
367078410,1269
369053000,1269
368004560,1269
367626460,1268
366963250,1268
368358680,1268
367606370,1268
368297980,1268
367702410,1268
367197410,1268
368286780,1268
366435740,1268
367702540,1268
367689010,1268
367573820,1268
368122650,1268
368303710,1268
366984350,1268
367003580,1268
367637070,1268
369970478,1268
368092830,1268
367146170,1268
368339850,1268
367003590,1268
367552410,1267
338617000,1267
367633250,1267
366304000,1267
367126620,1267
367643140,1267
367075010,1267
368021310,1267
368330770,1267
368330790,1267
367379810,1267
366995760,1267
366917130,1267
368058330,1267
368219290,1267
368220940,1267
303179000,1267
367552070,1266
367724460,1266
367702510,1266
369970479,1266
368317320,1266
367375730,1266
367511590,1266
366997880,1266
367769180,1266
338073000,1266
366804450,1266
368177450,1266
368044440,1266
368277520,1265
366872170,1265
357988000,1265
367003390,1265
367351520,1265
366772980,1265
368270030,1265
367314640,1265
366961450,1265
366773070,1265
367006551,1265
367704950,1265
367512340,1265
367792310,1265
367490530,1265
368000510,1265
368119120,1265
367666110,1265
367482330,1265
367666920,1265
366996610,1264
367484260,1264
367456750,1264
304598000,1264
369999000,1264
368109530,1264
367638020,1264
367633260,1264
369564000,1264
367388450,1264
368036520,1264
367515290,1264
367082860,1264
367515760,1264
368142910,1264
366913820,1264
367728740,1264
367691010,1264
367313340,1264
367012530,1263
368075450,1263
367092230,1263
367327560,1263
367796040,1263
368044470,1263
367331110,1263
367759080,1263
368067930,1263
368184410,1263
367516730,1263
367026560,1263
367682130,1263
367198950,1263
368286750,1263
367443840,1263
367439390,1263
368131890,1263
366971370,1263
366972430,1263
368251560,1263
367544060,1263
368140750,1263
367542650,1263
366892180,1263
366983730,1263
316004950,1263
367050160,1262
367612240,1262
367348220,1262
366986710,1262
367589520,1262
366954010,1262
367387060,1262
367005360,1262
366812830,1262
367668520,1262
367592640,1262
367712790,1262
368214190,1262
368071270,1262
368068030,1262
368279280,1262
367613940,1262
368106370,1262
367324580,1262
367314490,1262
368084090,1262
367087140,1262
367658890,1262
367130910,1262
367656160,1262
368102290,1262
367311490,1262
368142760,1262
368145870,1262
368258580,1261
367538940,1261
367525000,1261
367728240,1261
368111750,1261
368328130,1261
367702070,1261
366816340,1261
303999000,1261
367591250,1261
316001940,1261
367314380,1261
367540560,1261
367689620,1261
366941870,1261
366938730,1261
366935050,1261
367674650,1261
367543390,1261
367640610,1261
368201030,1261
368071410,1261
368242090,1261
367476840,1261
367587420,1261
368039060,1261
367091630,1261
368010480,1261
367034898,1261
367079510,1261
367361210,1261
366710820,1261
368047580,1261
366773090,1260
368113380,1260
367638590,1260
366954130,1260
366969140,1260
366971520,1260
366953850,1260
368235760,1260
366884150,1260
366820360,1260
367078850,1260
367465960,1260
367059310,1260
366997920,1260
368006890,1260
367745820,1260
367328780,1260
367537710,1260
367672380,1260
367095450,1260
368237340,1260
367083580,1260
367597640,1260
368139320,1260
367005270,1260
367138690,1260
368142010,1259
366872660,1259
367688340,1259
368077290,1259
367685130,1259
367583130,1259
367463310,1259
368231390,1259
367774360,1259
368136890,1259
367507220,1259
367528420,1259
367591810,1259
367135790,1259
367365210,1259
367452990,1259
367536590,1259
367791410,1259
367109430,1259
367141080,1259
367504970,1259
367720010,1259
368149820,1259
368129710,1259
368215640,1259
367772770,1259
368145380,1259
367601060,1259
338339664,1259
367709930,1259
367642530,1259
367647050,1259
367649360,1259
366724450,1259
367622520,1259
303923000,1259
368090720,1258
367367620,1258
367620210,1258
316052496,1258
316004052,1258
366917160,1258
477307700,1258
366975190,1258
368329050,1258
367526740,1258
367311480,1258
367003620,1258
366943250,1258
368099010,1258
366920910,1258
368430000,1258
367050870,1258
367556670,1258
367149340,1258
368289330,1258
368047220,1258
367486370,1258
368228710,1258
367505780,1258
367017940,1258
368221490,1258
368009000,1258
367444730,1258
366875040,1258
367523620,1258
368161910,1258
367505050,1258
367186360,1258
367014390,1258
366838990,1258
367441360,1258
367005170,1258
368237180,1258
366773150,1258
367437150,1258
367570750,1258
366947510,1258
367713780,1258
367585170,1258
367541160,1257
366963830,1257
366954180,1257
367464670,1257
368293190,1257
316016131,1257
367586750,1257
366693850,1257
367653490,1257
368042170,1257
368572000,1257
368097190,1257
366943760,1257
368595000,1257
368317340,1257
367658980,1257
367707930,1257
367074110,1257
367541980,1257
245639000,1257
367303080,1257
368083560,1257
367709350,1257
367376640,1257
367718440,1257
367644790,1257
477728400,1257
368047970,1257
367598990,1257
367731210,1257
367106750,1257
368115890,1256
367449040,1256
338215000,1256
368315240,1256
368120510,1256
367724780,1256
367756280,1256
368106340,1256
367772760,1256
371618000,1256
367618310,1256
367002480,1256
367765490,1256
210749000,1256
367369550,1256
368235690,1256
367427270,1256
368185520,1256
367556020,1256
368237160,1256
563218100,1256
367003360,1256
367505680,1256
367174670,1256
368078510,1256
367728720,1256
368284050,1256
311000115,1256
367606860,1256
367576750,1256
367430810,1256
368092860,1256
367661220,1256
368170890,1256
367104560,1256
367688320,1256
367341340,1256
367515320,1256
367534880,1256
367581150,1256
367191190,1256
368073490,1256
368072130,1256
367078350,1256
366953010,1256
366904950,1256
367401320,1256
367680760,1256
367711840,1255
367682990,1255
367756350,1255
367496150,1255
367524270,1255
367709190,1255
367769550,1255
367075220,1255
367368820,1255
367753210,1255
367637980,1255
368087080,1255
367675880,1255
368203670,1255
367341010,1255
366978210,1255
367767250,1255
368061910,1255
367382920,1255
368230000,1255
367010390,1255
367053260,1255
367003520,1255
367695890,1255
367313160,1255
367488490,1255
367135480,1255
367136670,1255
367101390,1255
368242390,1255
367004940,1255
368344740,1255
316023339,1255
368082000,1255
366995290,1255
367163370,1255
367041550,1255
366963860,1255
367393020,1255
367705270,1255
368279720,1255
367745620,1255
367162830,1255
367772730,1255
367301010,1255
369255000,1255
367533150,1255
367086370,1254
368356590,1254
368073280,1254
366991080,1254
316023341,1254
368271280,1254
367161940,1254
368170760,1254
366996340,1254
367759150,1254
367006980,1254
367414380,1254
367560980,1254
367004610,1254
368174480,1254
369131000,1254
367038990,1254
367796070,1254
319266300,1254
367145680,1254
367344920,1254
367772750,1254
367146780,1254
367050550,1254
368052580,1254
367112570,1254
367057670,1254
367500460,1254
368149130,1254
367061620,1254
367581120,1254
368072050,1254
368201480,1254
366727190,1254
367529420,1254
368139720,1254
345090013,1254
368286760,1254
366844270,1254
366970770,1254
367548170,1254
367705210,1254
368217370,1254
368274280,1254
316031354,1254
205684000,1254
367307850,1254
369970839,1254
367489520,1254
368280050,1254
366939750,1253
367041840,1253
366899290,1253
367780870,1253
209951000,1253
368260040,1253
367554310,1253
367588670,1253
367778010,1253
367015060,1253
366905890,1253
367503580,1253
367505620,1253
367349770,1253
366772990,1253
367116420,1253
367070480,1253
367343430,1253
368112350,1253
352004127,1253
338224334,1253
338602000,1253
367497070,1253
367095660,1253
367514360,1253
368057340,1253
366999891,1253
366917530,1253
367524110,1253
316053597,1253
366993120,1253
367576060,1253
338185000,1253
367537070,1253
366972270,1253
367004740,1253
368184980,1253
367471910,1253
311000112,1253
368252650,1253
367577620,1253
367605130,1253
366961220,1252
367793980,1252
367693470,1252
367177840,1252
368138910,1252
367616040,1252
367128950,1252
367546220,1252
316016060,1252
368014430,1252
368025390,1252
367567990,1252
368627000,1252
366946850,1252
338250000,1252
367558580,1252
367529860,1252
368110550,1252
368289350,1252
367798550,1252
367422770,1252
368504000,1252
303158000,1252
368018190,1252
367430050,1252
367571660,1252
367746670,1252
367766740,1252
366892730,1252
367403140,1252
367368480,1252
367310510,1252
368083040,1252
367551680,1252
368062640,1252
367413160,1252
367336580,1252
368074120,1252
368086399,1252
367108750,1252
367334040,1252
367159090,1252
368272520,1252
366998890,1252
367548420,1252
368359690,1252
368169060,1252
367613790,1252
367702270,1251
367626030,1251
338866000,1251
367122290,1251
368299730,1251
367437640,1251
367003920,1251
366942880,1251
368315150,1251
367560930,1251
368348720,1251
368059860,1251
338504000,1251
368259470,1251
366837890,1251
367401670,1251
367351510,1251
367188980,1251
366222630,1251
367540360,1251
366959090,1251
367699920,1251
368149000,1251
368146810,1251
367426950,1251
366951730,1251
366880750,1251
368105620,1251
368266520,1251
368293260,1251
367663560,1251
368312000,1251
671087100,1251
366998090,1251
368158890,1251
366921420,1251
367362960,1251
367363000,1251
368219010,1251
316009457,1251
368246980,1251
367324020,1251
368102470,1251
378113469,1251
368056310,1251
367405720,1251
367316450,1251
367365380,1251
367155550,1251
368234090,1251
368230530,1251
366919170,1251
368288140,1251
367113160,1251
367554830,1251
368096770,1251
367525060,1251
368138150,1251
367579120,1251
368301040,1251
367682610,1251
367001820,1251
367421590,1251
367508440,1251
367481590,1251
316023808,1251
376736000,1250
368437000,1250
366935380,1250
367413340,1250
367340990,1250
367057660,1250
367191630,1250
306129000,1250
367468610,1250
368360840,1250
366906610,1250
368156190,1250
367192710,1250
367336190,1250
368085790,1250
368045380,1250
367020820,1250
367491710,1250
367660050,1250
368070420,1250
367308970,1250
367121010,1250
367402820,1250
368105470,1250
367526550,1250
368338990,1250
367719010,1250
367510420,1250
367705090,1250
367799330,1250
367158710,1250
366816020,1250
367004120,1250
367600750,1250
367637760,1250
306132000,1250
368219920,1250
367558650,1250
367522540,1250
366998910,1250
367593750,1250
369377000,1250
367590460,1250
368183000,1250
366996190,1250
367378170,1250
367508280,1250
636013897,1250
368130140,1250
368130030,1250
369970622,1250
366995010,1250
367695280,1250
367650190,1250
367608470,1249
367666060,1249
367302540,1249
367379290,1249
369991000,1249
352001076,1249
367597650,1249
367098670,1249
538071309,1249
368052540,1249
368265230,1249
368317110,1249
367688310,1249
366971350,1249
366998020,1249
367649730,1249
367600490,1249
367724340,1249
367319310,1249
275543000,1249
246846000,1249
366904940,1249
367305420,1249
367306340,1249
367599370,1249
368279270,1249
367081860,1249
367161150,1249
368164470,1249
367648630,1249
367515330,1249
368342250,1249
368097160,1249
367129640,1249
316001635,1249
367389540,1249
367672370,1249
366744010,1249
367035570,1249
367704390,1249
367589350,1249
367028690,1249
303221000,1249
367350170,1249
367637490,1249
368192230,1249
367702220,1249
368027210,1249
367012750,1249
367777970,1249
368016270,1249
366760710,1249
367561870,1249
538004245,1249
368075150,1248
367092740,1248
367693850,1248
316026695,1248
367610770,1248
368106020,1248
367736640,1248
367585560,1248
367135470,1248
538006783,1248
367131150,1248
367560990,1248
367008450,1248
367350060,1248
366874110,1248
368099320,1248
368142710,1248
366983440,1248
368323010,1248
367692670,1248
368340980,1248
366801280,1248
367511340,1248
367762080,1248
368110430,1248
366938710,1248
338084669,1248
366972040,1248
367480250,1248
367769570,1248
367299170,1248
366969670,1248
368171310,1248
367150450,1248
338422116,1248
367686910,1248
367426830,1248
367651830,1248
440800091,1248
367547410,1248
366930730,1248
760099999,1248
367418960,1248
235153000,1248
368052910,1248
367768080,1248
366997690,1248
368043470,1248
366961660,1248
367615990,1248
367157150,1248
255806058,1248
367456950,1248
367306860,1247
367498820,1247
205694000,1247
368138460,1247
367558410,1247
367188380,1247
368090850,1247
367160320,1247
369042000,1247
725004490,1247
367170990,1247
367549870,1247
339094000,1247
367571770,1247
414480000,1247
367541740,1247
367640860,1247
368132340,1247
367019310,1247
366998050,1247
368165440,1247
367673690,1247
368206230,1247
368321640,1247
367597530,1247
368344540,1247
367493000,1247
367797720,1247
367467980,1247
366989840,1247
367615130,1247
367053620,1247
367589340,1247
367717920,1247
368342190,1247
367505010,1247
367041530,1247
366972950,1247
366695810,1247
368036150,1247
366938780,1247
367470580,1247
367666980,1247
367395270,1247
366899260,1247
367370160,1247
367452180,1247
366993490,1247
366776910,1247
367506840,1247
367527930,1247
367707750,1247
367673980,1247
368263020,1247
367524240,1247
368253360,1246
367767480,1246
316007856,1246
367563240,1246
366822910,1246
369494421,1246
367452650,1246
367414170,1246
338107888,1246
367740630,1246
205755000,1246
368007340,1246
367164240,1246
367733240,1246
367477410,1246
368316640,1246
367007550,1246
369320000,1246
368237190,1246
367005260,1246
367760890,1246
368127980,1246
367772740,1246
508111124,1246
367004050,1246
367755860,1246
366806920,1246
366971330,1246
316018477,1246
367473520,1246
367401030,1246
316002063,1246
367339560,1246
367466470,1246
367343630,1246
366921510,1246
367519280,1246
367502290,1246
367049160,1246
367605210,1246
367396520,1246
367175340,1246
338707000,1246
367033730,1246
316034846,1246
316018180,1246
319073000,1246
367738470,1245
367545540,1245
367533780,1245
367645150,1245
303301000,1245
367199580,1245
368185000,1245
303100000,1245
338517000,1245
367751160,1245
368230010,1245
367772000,1245
367451120,1245
366999512,1245
367473490,1245
368113590,1245
367110550,1245
367127830,1245
367349450,1245
366984420,1245
368174490,1245
367680660,1245
316003616,1245
367315470,1245
338123697,1245
368132360,1245
367648150,1245
367717840,1245
368138000,1245
367505040,1245
367442390,1245
367551860,1245
368092650,1245
367139000,1245
367677650,1245
368236120,1245
367699890,1244
367396490,1244
366866930,1244
311050400,1244
366963850,1244
368228180,1244
368137960,1244
367439490,1244
366804020,1244
367171930,1244
367165450,1244
368310750,1244
370153000,1244
366916840,1244
367159120,1244
367618660,1244
367667560,1244
366908640,1244
367154130,1244
367656430,1244
367592280,1244
367345040,1244
368004190,1244
368926457,1244
368258880,1244
367779890,1244
368076650,1244
367472120,1244
368332080,1244
338071038,1244
367362710,1244
367627450,1244
367044250,1244
367410250,1244
367534680,1244
368013860,1244
366999511,1244
367545610,1243
368093970,1243
368260030,1243
368291410,1243
368093120,1243
367379660,1243
368212230,1243
368094710,1243
367432880,1243
368009570,1243
367379670,1243
368228930,1243
366701350,1243
367125100,1243
368110390,1243
367750650,1243
316008171,1243
366874680,1243
368043520,1243
367121040,1243
303683000,1243
368303380,1243
366904380,1243
367516950,1243
367419080,1243
368077920,1243
368076250,1243
367087950,1243
367512920,1243
339339000,1243
367016010,1243
367102610,1243
338879000,1243
367183330,1242
367314430,1242
367428270,1242
367768490,1242
367387860,1242
368062510,1242
368138920,1242
366945050,1242
367337690,1242
368290790,1242
367575990,1242
367543280,1242
368081170,1242
366845050,1242
367472940,1242
367534590,1242
366884240,1242
367487570,1242
367046140,1242
366740430,1242
366822520,1242
368115480,1242
338075892,1242
367774430,1242
367004970,1242
367006330,1242
316005239,1242
368104390,1242
367587990,1242
367562820,1242
367093520,1242
319511000,1242
367653620,1241
367596850,1241
366302562,1241
367473140,1241
367584630,1241
366747170,1241
338360404,1241
367670970,1241
338926433,1241
367657950,1241
368185620,1241
368360010,1241
367420170,1241
367686010,1241
338466506,1241
367625610,1241
368230830,1241
367487960,1241
367643790,1241
367531730,1241
367323150,1241
367561370,1241
316002280,1241
368253470,1241
316002065,1241
367769580,1241
368226910,1241
368206160,1240
367090310,1240
367594230,1240
368115380,1240
366968070,1240
369378000,1240
366900670,1240
368162390,1240
367187130,1240
367685720,1240
368192240,1240
367701120,1240
367015290,1240
368050130,1240
368340430,1240
367672140,1240
366841020,1240
367072840,1240
367008750,1240
368145530,1240
368300870,1240
339086000,1240
368129280,1240
366836590,1240
367688280,1240
367001890,1240
366842960,1240
367164650,1240
367332840,1240
367340440,1240
367377380,1240
367477690,1240
316001002,1240
367395010,1240
249888000,1240
367530590,1240
367439310,1240
367332910,1240
367483870,1240
367474570,1239
368186750,1239
369579000,1239
367015310,1239
316045081,1239
366937270,1239
366939710,1239
477973000,1239
367091990,1239
367168190,1239
367331210,1239
367515280,1239
366953940,1239
367140970,1239
366978440,1239
367022790,1239
367677630,1239
367572390,1239
367671170,1239
368160970,1239
366993420,1239
367422020,1239
367422010,1239
367570920,1239
367057220,1239
368143120,1239
533197000,1239
367598830,1239
368005880,1239
367611520,1239
367162840,1239
367037240,1239
368014310,1239
369230000,1239
367787130,1238
367725910,1238
366953930,1238
368209880,1238
367000450,1238
367546250,1238
366896390,1238
338194000,1238
366960890,1238
366967480,1238
367388530,1238
303304000,1238
368083790,1238
367451110,1238
367473540,1238
366988090,1238
255806231,1238
367347070,1238
367472580,1238
367755650,1238
368373020,1238
368011470,1238
367047370,1238
367712350,1238
368025320,1238
368132080,1238
367630830,1238
367186410,1237
366986670,1237
367413350,1237
367768250,1237
368254820,1237
366991260,1237
339244000,1237
352001650,1237
367571450,1237
367654520,1237
366983460,1237
338805000,1237
367690570,1237
367009460,1237
367159740,1237
367309740,1237
366891960,1237
367340130,1237
367068110,1237
367720970,1237
367715840,1237
367440130,1237
368219260,1237
333333333,1237
368136240,1237
366796250,1237
367796050,1237
366955430,1237
378111952,1237
370230000,1237
367591760,1237
367430660,1237
367756630,1237
367316630,1237
368329550,1236
338439617,1236
367556730,1236
367315540,1236
367473820,1236
368070720,1236
367702520,1236
369970832,1236
366997480,1236
367744210,1236
368180460,1236
368129630,1236
367191410,1236
367772272,1236
369108000,1236
367458640,1236
367769540,1236
367141930,1236
366838630,1236
367462360,1235
366811570,1235
367416420,1235
367604920,1235
316001836,1235
367799340,1235
368357020,1235
367531740,1235
367436830,1235
368345380,1235
366993970,1235
369970581,1235
367702730,1235
368188790,1235
367395250,1235
368067780,1235
367442770,1235
368141380,1235
367395980,1235
367080810,1235
367507390,1235
477282600,1235
367680370,1235
368117510,1235
368113420,1235
367140820,1235
367417570,1235
368260120,1235
368047780,1235
367514520,1235
367186370,1234
367133180,1234
367430780,1234
538005560,1234
368574000,1234
368042970,1234
368216140,1234
367186380,1234
367516470,1234
367506740,1234
367522180,1234
367593540,1234
368250590,1234
367082000,1234
368353260,1234
367507520,1234
368283540,1234
367761740,1234
368252420,1234
366939130,1233
367671160,1233
366995730,1233
368336310,1233
367584390,1233
367353660,1233
367574720,1233
367088150,1233
367638070,1233
368130920,1233
367706270,1233
367549860,1233
367605850,1233
367711530,1233
368127060,1233
366811580,1233
368154770,1233
367008110,1233
367367530,1233
367493370,1233
368172960,1233
316014107,1232
366939780,1232
367693690,1232
366831930,1232
367401170,1232
369493719,1232
369970480,1232
367394940,1232
366918650,1232
319235600,1232
367553370,1232
367072930,1232
368278830,1232
366855060,1232
367199960,1232
367004560,1232
367004510,1232
367756040,1232
367658440,1232
367660160,1232
369996000,1231
367300080,1231
367435670,1231
368166290,1231
367304270,1231
368237370,1231
338143158,1231
366986680,1231
366927640,1231
338205553,1231
368106490,1231
367650290,1231
368352590,1231
366996310,1231
366828620,1231
368351160,1231
368280980,1231
367098660,1230
366856460,1230
367125970,1230
366962010,1230
368330810,1230
368325040,1230
311000451,1230
367029870,1230
368097570,1230
367376740,1230
367557460,1230
212827000,1230
367332930,1230
367003250,1230
367634360,1229
367535280,1229
368273480,1229
316032594,1229
367772250,1229
367661820,1229
367046890,1229
368019060,1229
366916420,1229
368212210,1229
368210950,1229
368076640,1229
369493414,1229
367702890,1229
366987890,1229
367001510,1229
538070284,1229
367004910,1228
367149890,1228
367188610,1228
367649770,1228
367457580,1228
367578080,1228
367343230,1228
367740750,1228
367434610,1228
367332950,1228
366907000,1228
367769530,1228
367780660,1228
367381320,1228
367750940,1228
367710960,1228
366993270,1228
339514000,1228
367002060,1228
368090830,1228
365683530,1228
367671080,1228
368191460,1228
339096000,1227
367729150,1227
366776000,1227
636093285,1227
367668450,1227
368209140,1227
366841550,1227
368150450,1227
403512001,1227
367605770,1227
366967710,1227
367727410,1227
367693160,1227
366749460,1227
367162270,1227
367474790,1227
316044859,1227
366942080,1227
367447170,1227
368042990,1226
368368350,1226
368059490,1226
367766860,1226
367754450,1226
367529150,1226
367080670,1226
367475780,1226
367542320,1226
367144870,1226
367393330,1226
366826940,1226
367521510,1226
367543820,1226
366960410,1226
368312420,1226
367636710,1226
368113370,1226
367637540,1226
367136690,1226
368001250,1226
367374990,1226
367479930,1226
367513020,1226
367367390,1226
367513010,1226
367347650,1226
303155000,1226
367350190,1226
368037750,1226
367010480,1225
367456820,1225
367465570,1225
368138170,1225
338141000,1225
367517630,1225
368271240,1225
367503760,1225
368268160,1225
367010030,1225
367658860,1225
366963490,1225
316004579,1225
367673340,1225
367133910,1225
368237090,1225
345090011,1225
367599210,1225
368211560,1225
368926258,1224
368193180,1224
368019930,1224
367603210,1224
338328496,1224
367317270,1224
368243940,1224
367649760,1224
368321130,1224
367523580,1224
367551340,1224
257712000,1224
366799770,1224
367506850,1224
367393830,1224
367519320,1224
366920020,1224
367480010,1223
367379540,1223
367490860,1223
367535270,1223
367427670,1223
316011905,1223
241650000,1223
367020910,1223
367582020,1222
367493350,1222
367744470,1222
338339496,1222
367300590,1222
367319320,1222
368260710,1222
366983080,1222
367508680,1222
367589050,1222
368182290,1222
367668090,1222
367685610,1222
367563090,1222
367108910,1222
368334010,1222
367503920,1222
367697080,1222
367360360,1221
368005850,1221
367014380,1221
538006357,1221
367573610,1221
367757320,1221
367690000,1221
367127110,1221
319060200,1221
366898790,1221
368063040,1221
367503060,1221
367005920,1220
369493315,1220
316001696,1220
538070469,1220
368190090,1220
316001876,1220
367505030,1220
368170680,1220
367052120,1220
367622960,1220
366843020,1220
368201570,1220
367686940,1220
367573920,1219
636019920,1219
367697010,1219
303442000,1219
367120990,1219
367456430,1219
367573740,1219
368224220,1219
367483830,1219
367435780,1219
366974120,1218
365973420,1218
367749970,1218
368011000,1218
367087180,1218
311000641,1218
367645040,1218
366782000,1217
366982810,1217
219526000,1217
367728310,1217
366914820,1217
367660250,1217
367003480,1217
367438630,1217
366973450,1217
368191690,1217
368352260,1216
368271250,1216
367596940,1216
368319610,1216
367088340,1216
368018930,1216
367427260,1216
367479870,1216
364888400,1216
366384000,1216
367078250,1216
367334320,1216
369499000,1215
368139440,1215
368161120,1215
240991000,1215
367590950,1215
538006204,1215
368007760,1215
366938770,1215
367587440,1215
367088350,1215
367311850,1215
366960460,1214
367496010,1214
368206170,1214
366986140,1214
368205350,1214
338387252,1214
369493024,1214
367430850,1214
366916250,1214
367691950,1214
367199860,1213
368072040,1213
205644000,1213
368129650,1213
366967450,1213
368107540,1213
367463020,1212
367110280,1212
366940860,1212
367430760,1212
367317630,1212
367161950,1212
367342210,1212
367153070,1212
368114180,1212
366972930,1212
367385730,1212
368337650,1212
367139510,1212
311478000,1211
368110410,1211
366709780,1211
367339380,1211
366893270,1211
367615680,1211
368327980,1211
367004950,1211
316023959,1211
366999859,1211
368316620,1211
316035905,1211
367175860,1210
367033250,1210
367371850,1210
368328770,1210
367389480,1210
316003459,1210
368149190,1210
354957000,1210
368344380,1209
368153950,1209
303466000,1209
366936670,1209
367076410,1209
366983140,1209
366964110,1209
367519170,1209
367692430,1208
366981740,1208
367390740,1208
369493011,1208
367532270,1208
368116110,1208
367756120,1208
366779440,1208
366989960,1208
368331460,1208
368009780,1208
564399000,1207
367656820,1207
366738920,1207
367331190,1207
338019005,1207
367755980,1207
367113260,1207
367027000,1206
338439616,1206
367401960,1206
636018670,1206
368330750,1206
366837910,1206
367171050,1206
367423260,1206
368067520,1206
316026694,1206
368359620,1205
366768480,1205
367142830,1205
367702880,1205
368124040,1205
368358450,1205
367688770,1205
368093830,1205
367443920,1205
367703790,1205
368133450,1205
369493683,1205
367182730,1205
367663440,1205
368352550,1204
367329610,1204
367685540,1204
367345940,1204
412418000,1204
367531670,1204
367037310,1204
367389530,1203
367524710,1203
368348690,1203
538010307,1203
367381000,1203
368218980,1203
367380940,1203
368286840,1203
367726790,1203
367614030,1203
367377870,1202
367002630,1202
338776000,1202
366499000,1202
367013040,1202
367717660,1202
367510030,1202
368070310,1202
368637000,1202
369970830,1201
538006500,1201
339244972,1200
367005190,1200
367308990,1200
367737720,1200
241517000,1200
367040920,1200
367129470,1200
366937030,1200
338165341,1199
368199810,1199
366921670,1199
368226970,1198
367302380,1198
367627350,1198
367536120,1198
368004120,1198
366813530,1198
368344060,1198
368023230,1198
367588960,1198
366785960,1198
367199310,1198
367633210,1198
367459110,1197
366902060,1197
368256500,1197
368071290,1197
367158250,1197
367377760,1197
367614020,1197
538004337,1197
366891140,1197
367114050,1196
636021440,1196
369494425,1196
368000390,1196
367428690,1196
367477560,1195
367788290,1195
366950440,1195
352003165,1195
367185680,1195
367791530,1195
367374930,1195
368198310,1195
367463060,1195
368033530,1194
366926990,1194
316003448,1194
367731160,1194
366988930,1194
538004934,1194
367327360,1194
369493705,1194
368306080,1193
368134150,1193
367561320,1193
366539000,1193
376642000,1193
367460360,1192
351446000,1192
369970482,1192
368136540,1192
367373000,1191
316007990,1191
367529770,1191
367134240,1191
368032620,1191
367728230,1190
368221920,1190
368198810,1189
367016480,1189
367361740,1189
367504990,1189
366982270,1189
367505080,1188
367649660,1188
367164250,1188
228354600,1188
367088160,1188
368274610,1188
367085290,1188
316003125,1188
367621940,1188
367005470,1188
259070000,1187
316013711,1187
366954190,1187
367108460,1187
368077970,1186
367108840,1186
366874950,1186
368245430,1186
367602890,1186
368137980,1185
367751630,1185
356946000,1185
366999710,1185
367133960,1185
367387930,1184
319619000,1184
367352890,1184
367509850,1183
538005095,1183
366984540,1183
538006907,1183
367082130,1183
367372810,1183
368058010,1183
366981910,1183
368157160,1183
367641460,1182
366755020,1182
367592170,1182
367304000,1182
367339020,1182
367726950,1182
538009383,1181
316225000,1181
367610930,1181
367135430,1181
367691660,1181
311000558,1181
538004638,1180
367468580,1180
441310000,1180
338366226,1180
367510430,1180
368244130,1180
368349280,1180
366948020,1179
368238290,1179
367795990,1179
367733320,1179
309905000,1179
367090270,1178
366970020,1178
367091750,1178
636018890,1178
366997450,1178
367469690,1177
367086440,1177
368351120,1176
367004080,1176
367326110,1176
319768000,1176
316021279,1175
367695040,1175
414701000,1175
367097670,1175
367053990,1175
366870980,1174
563082600,1174
368264020,1174
367413270,1174
636020648,1174
316001434,1173
367533290,1173
368191420,1173
368134210,1173
367352000,1173
366929710,1172
368173810,1172
367358340,1172
351819000,1172
367680640,1172
316045066,1171
316039153,1171
538003322,1171
367156710,1171
316013007,1171
368064650,1170
366996570,1170
367388580,1170
366998820,1169
367474680,1169
367610280,1169
316030409,1169
338663000,1168
316040103,1168
367545860,1168
367530640,1168
271042759,1167
316053863,1167
368373790,1167
477754600,1167
367643740,1167
366997610,1167
367305040,1166
368363150,1166
367376530,1166
367152990,1166
368236130,1166
367176210,1165
636015514,1165
367627770,1165
338094686,1165
319196700,1164
368142150,1164
367104080,1164
366970120,1164
366952360,1164
367141430,1163
368081970,1163
366359000,1163
355263000,1163
316013209,1163
368026090,1162
367456870,1162
316005998,1162
373573000,1162
367405840,1161
367082220,1161
367402520,1161
309822000,1161
367467130,1161
352002038,1160
367418240,1160
367145440,1160
367614410,1160
367763660,1159
367725290,1159
316052572,1159
367558070,1159
367556330,1159
367103120,1159
367506560,1158
368158760,1158
563091800,1158
366911650,1158
367589290,1157
316012046,1156
367196000,1156
316049055,1156
316042022,1156
311003100,1156
248714000,1156
316003514,1156
367771350,1155
357104000,1155
367408220,1155
316014621,1155
367659930,1155
367716340,1154
367699340,1154
367022550,1154
367612050,1153
367619920,1153
367513030,1153
316005649,1153
367777550,1153
367542420,1153
367455580,1152
367181750,1152
366997240,1152
368237000,1152
367332830,1151
636021909,1151
368112080,1151
563058600,1149
368270390,1149
538004748,1149
367327330,1148
338356082,1148
367082230,1148
636011212,1148
367473510,1147
367712570,1147
368248160,1147
366695940,1147
367310140,1147
316014160,1147
366468000,1147
316014803,1146
367513420,1146
367334890,1146
367002470,1146
367005970,1145
368315820,1145
345020013,1145
636016302,1145
367327250,1145
366959780,1144
367739650,1144
636020434,1144
367034960,1144
367641970,1144
368010420,1144
477398000,1144
367759000,1143
367000140,1143
366990360,1143
366917120,1143
636018659,1143
368107670,1143
367764250,1142
367703000,1142
368320130,1142
367153680,1142
367135890,1141
367590790,1141
367394780,1141
249769000,1141
241808000,1140
367364280,1140
316038089,1140
366988970,1140
368277260,1140
368337490,1140
636022806,1140
367325730,1139
538002784,1139
367312950,1139
366760650,1139
367126540,1138
367503240,1138
368254630,1138
369389000,1138
367566160,1138
366825190,1138
367779880,1137
367661670,1136
367122220,1136
248729000,1136
367390640,1136
367004260,1135
367584340,1135
366961920,1135
366951230,1134
316009844,1134
563215700,1134
316028554,1134
366998510,1134
367631890,1134
368274440,1133
367767310,1133
367775310,1132
338926450,1132
367385760,1132
538007204,1131
338186356,1131
367507080,1131
367782830,1130
368548000,1130
316022498,1130
367745570,1129
367005130,1129
316015050,1128
538008655,1128
316003527,1128
366950450,1128
366854410,1128
367356110,1127
636017992,1127
368211990,1127
367684470,1127
538004881,1126
367681460,1126
366982170,1126
538006503,1125
367775320,1125
338078000,1125
316052473,1125
316026483,1124
303352000,1123
367351730,1123
373879000,1123
366984210,1123
366888800,1123
369493171,1123
367597990,1123
316020868,1122
368173380,1122
564409000,1122
367488370,1122
367327120,1122
367581220,1122
367059850,1121
316021351,1120
368208080,1120
366138000,1120
367104060,1119
565607000,1119
368170010,1119
235010450,1118
367088210,1118
367081770,1118
368260830,1117
368031880,1117
303200000,1117
367593050,1117
338131263,1117
367017440,1116
367656420,1116
367467120,1116
316028504,1116
338603000,1116
368183220,1116
367305920,1116
368350450,1116
257073000,1115
316025881,1115
367551180,1115
316005715,1115
367755990,1114
367546090,1114
368243930,1114
368228680,1114
636016742,1114
367028790,1114
367190630,1113
367373390,1113
367057530,1113
367765140,1113
366909510,1113
366516370,1112
338145691,1112
338272000,1112
368219120,1112
366982180,1112
311056900,1112
367420440,1111
368156970,1110
367411070,1109
367138450,1109
366088000,1109
367396710,1109
367702460,1109
432712000,1109
367505070,1109
367396790,1108
368173190,1108
366211560,1108
367693590,1107
319597000,1107
367079560,1107
477308400,1106
367500230,1106
538006160,1106
367584550,1106
366952890,1106
538010094,1105
316048198,1105
368167820,1105
367033420,1105
367693810,1105
316048387,1104
367434320,1103
563027500,1103
255806496,1103
316053804,1102
303606000,1102
367702530,1102
366793340,1102
367586480,1102
368165030,1102
367598960,1101
368246270,1101
368131310,1101
316016013,1100
352003054,1100
367581670,1100
367610550,1100
303272000,1099
368229790,1099
345090026,1099
413302090,1099
563101600,1098
338234677,1098
367473150,1097
366798310,1097
367704410,1097
367702370,1097
316015632,1097
538010617,1096
636023573,1096
368097520,1096
367594470,1096
983699990,1096
367618130,1096
367533050,1095
368136950,1095
366857940,1095
367424090,1095
366992950,1095
366816910,1094
316206000,1094
367678390,1094
367087160,1094
367799820,1094
367702380,1094
636021961,1093
316013688,1093
367330820,1092
338525000,1092
367376370,1092
538009338,1092
366995210,1091
355517000,1090
367610590,1090
367666930,1090
366972020,1089
352980867,1089
316051091,1088
368612000,1088
367587190,1088
367602520,1088
259024000,1088
367156260,1088
538010090,1087
316015269,1087
367642410,1087
338053214,1087
636021887,1086
366957490,1086
367389450,1085
538011094,1085
367492920,1085
338798000,1085
368302170,1085
316015121,1085
636017062,1084
368171990,1084
367505670,1084
367723620,1083
246602000,1083
367596830,1083
367057590,1082
366938760,1082
316002873,1082
316009219,1081
215741000,1081
367727450,1081
367441140,1081
368054570,1080
366780000,1080
366917140,1080
368216040,1080
367661930,1079
367004290,1079
316002518,1078
316011649,1077
367059330,1077
368044430,1077
367409290,1077
368084040,1077
303104000,1077
353108000,1076
366984180,1076
367028770,1076
477454900,1076
367064160,1075
366874650,1075
367005590,1075
366231180,1074
367468730,1073
368324460,1072
368027980,1072
368180650,1072
367596760,1071
367301310,1071
366888830,1071
338442708,1071
366989940,1071
367547820,1071
367732430,1070
367763490,1070
368013670,1070
316005448,1070
316039018,1070
367481630,1069
368155170,1069
367423730,1069
563002100,1068
367662480,1068
368222260,1068
538006808,1067
366986130,1067
367654950,1067
357488000,1066
367703080,1066
316053873,1066
367553360,1066
367469070,1066
367727440,1066
366997420,1065
367054810,1064
367006570,1064
368182130,1064
305756000,1064
255806489,1064
316020871,1063
367702080,1063
367017460,1063
369970077,1063
369970075,1062
367515970,1062
319121100,1062
368016260,1061
563051500,1061
367104030,1060
368327960,1060
366990560,1059
235076272,1059
366970330,1059
316009841,1059
366984910,1059
367425230,1058
311000825,1058
636014577,1058
367513170,1058
367602710,1057
367551270,1057
367539810,1057
367104040,1056
316001255,1056
371507000,1056
367513750,1056
368869000,1056
367122610,1056
319257000,1055
367320510,1054
338302000,1054
477928700,1054
366953860,1054
367047150,1054
368159190,1054
367762920,1053
368052660,1053
367517790,1053
367766260,1053
538007960,1053
220415000,1053
367006540,1052
366986160,1052
366963010,1051
367523350,1051
366792940,1051
563224100,1050
368273280,1050
215896000,1050
316005605,1050
636018612,1050
367453030,1050
316029592,1050
368236580,1050
566762000,1050
367304010,1049
367057750,1049
369580000,1049
369970470,1049
367066070,1048
368240930,1048
367496980,1048
356117000,1048
368159060,1048
367061190,1048
368012890,1047
370573000,1047
367536940,1046
368274580,1045
367155810,1045
368189190,1045
565533000,1045
369970076,1045
367513050,1045
367776660,1045
367444590,1045
316005725,1045
368365320,1044
311000695,1044
367567590,1043
367711830,1043
636021448,1042
367108850,1042
367098550,1042
538006227,1042
366984250,1042
371715000,1042
228433700,1041
369493667,1041
368236280,1041
367771510,1041
367685620,1041
368112840,1039
710020930,1039
367728710,1039
367597470,1039
367677450,1039
368926035,1039
367461370,1039
309942000,1038
367587070,1038
367036430,1038
367661740,1037
366935060,1037
368926036,1037
367709050,1037
367622660,1036
316018851,1036
229957000,1036
367537770,1035
367346290,1035
563097700,1035
368014720,1034
366972000,1034
367599920,1034
367458730,1034
368010020,1034
368059520,1034
367627370,1034
636023939,1034
368091960,1033
368344610,1033
414148000,1033
368138040,1032
367402550,1032
215693000,1032
366963390,1032
367533950,1032
366986810,1032
367659090,1032
563170600,1031
367357110,1031
367749350,1031
367497560,1031
366752720,1031
255806342,1030
367625540,1030
477067900,1030
367547050,1030
369970434,1030
538008476,1029
367124980,1029
368295990,1029
367501860,1029
339321000,1028
538009055,1028
367768720,1027
367398340,1027
316024411,1027
368167230,1027
367415160,1027
367638090,1026
366478000,1026
368020390,1026
369970630,1026
369970726,1026
210110000,1026
366967550,1026
563020500,1025
368248520,1025
368926043,1025
258779000,1025
311001033,1025
636020347,1025
368144340,1024
368244910,1024
367498680,1024
367683579,1024
316004370,1024
367459570,1024
367340460,1024
367143450,1024
316003922,1023
366863870,1023
368004920,1022
316001731,1022
366984330,1022
368106230,1022
367543810,1021
316005626,1021
368124380,1021
369970628,1021
316026824,1020
368234820,1020
367670750,1019
367684090,1019
367505810,1019
367472930,1019
368255760,1019
303612000,1019
367327920,1018
367543790,1018
367428440,1018
354532000,1018
368096820,1018
357454000,1018
367689970,1018
303913000,1017
338188000,1017
477441400,1017
563165500,1017
367782940,1017
367454140,1016
316022038,1016
367678150,1016
366917110,1015
368301120,1015
538008812,1015
368205110,1015
367567350,1015
316013431,1015
367564890,1015
369213000,1014
375605000,1014
367746950,1014
316041691,1014
368197440,1014
368294650,1014
367595560,1014
580067000,1014
367729220,1013
366986820,1013
367653220,1013
366892000,1013
338345000,1013
352983000,1012
316001834,1012
368801000,1012
367547080,1012
636021735,1012
367187120,1012
367701370,1012
368086110,1012
477849400,1011
369970379,1011
366999515,1011
369008000,1011
366990520,1011
538010657,1011
538007126,1011
431262000,1011
538001859,1010
367564950,1009
367625810,1009
367431410,1009
367649170,1008
366967630,1008
371140000,1008
367099640,1008
367458770,1008
538010227,1007
367522170,1007
367097970,1007
366829840,1006
366988420,1006
367522240,1006
367481060,1006
366984840,1006
316036661,1006
367734470,1005
366983270,1005
355760000,1005
367520810,1005
368134480,1005
367711410,1004
367113430,1004
538004199,1004
367530350,1004
339006000,1004
367683560,1004
366999387,1003
368318330,1003
366816410,1003
368311720,1003
316001267,1003
367001790,1002
368215480,1001
366245070,1001
367383680,1001
367442160,1001
369970978,1000
636022699,1000
367577710,1000
367719170,999
367109110,999
367461710,999
367765850,999
303476000,999
538009492,999
338253000,999
368067890,999
369853000,999
369020000,998
366904890,998
368260150,997
369997000,997
367569030,996
367314340,996
368351350,996
369355000,995
563051800,995
368098220,995
636021211,995
367079070,995
367553290,995
366904880,995
366936660,994
368210940,994
368333690,994
366227210,994
368096750,994
354891000,994
367336760,994
368331090,994
367113320,994
366887300,994
367456810,994
368310080,994
354721000,994
367342420,993
368163520,993
368130870,992
367098270,992
316021988,992
367638130,992
368056740,991
577358000,990
366837130,990
366939170,990
440141000,990
368237220,990
367550950,990
367343460,990
367516930,990
367564240,990
636020886,990
255806239,989
367608620,989
367185880,989
477639300,989
369454545,989
368010960,989
366953910,989
366989930,988
368006610,988
368041830,988
677062300,987
368018680,987
368010950,987
367643350,987
477002400,987
367057710,986
368223490,986
367129650,986
311358000,986
367519920,986
477468400,986
367175740,986
366238710,985
367692980,985
368065990,985
367369920,985
367181880,985
368072240,985
316029000,984
636016127,984
368116140,984
368277570,984
366916960,983
367141370,983
367744570,983
218650000,983
367768450,983
538003407,982
366941210,982
246620000,982
338615000,982
770576100,982
367398270,982
367343490,981
247999000,981
311000903,980
431833000,980
367533020,980
367456860,980
368121960,980
368786000,980
367470040,979
367165430,979
338343000,979
367422720,979
367420350,978
538008627,978
367377490,978
368325390,978
367105180,978
563172500,978
368135270,978
366847780,977
367443060,977
235106302,977
538004610,976
240995000,976
367383660,976
538009307,975
367715920,975
366999663,975
367399980,975
369493096,974
368051270,974
367001580,974
366997410,974
366963070,973
367532840,973
431228000,973
311001063,972
367353080,972
366983680,972
367386570,972
367782690,971
368361930,971
366659730,971
316003351,971
367702450,971
366967530,970
367031680,970
368364070,970
366996380,970
367125050,970
367398790,970
538010868,969
235076283,969
368156330,969
367525380,968
367343530,968
367318570,968
367172110,968
219028268,968
338360063,968
367073820,968
636015064,968
367458590,968
368020640,967
367371510,967
367199750,967
367430210,967
366995840,967
366878290,966
367606910,966
366999423,966
367532570,966
367129630,966
636014472,966
367654050,966
367554950,966
367162230,966
367692910,966
367737960,966
366937050,965
366989990,965
367702140,965
367702260,965
367364150,965
368124510,965
303275000,965
366993880,965
369970438,965
368351250,965
367719060,965
367774150,965
367428330,965
345040025,965
316011409,964
367057320,964
368269040,964
229376000,964
367362240,964
367702120,964
367539160,964
367601620,964
367713830,964
367006890,964
357659000,964
367487360,964
249208000,963
367471930,963
369970471,963
369970329,963
367507790,963
367759850,963
367505660,963
367793490,963
367004350,963
366967470,963
368296280,963
367598280,963
366986850,963
367515210,963
368271010,963
477159300,962
368225790,962
367717370,962
367375350,962
538007953,962
367526570,962
366984850,962
352002997,962
338227000,962
367797460,962
366914190,962
367320740,961
366984240,961
477477900,961
368002610,961
367702290,961
368005890,961
413941000,960
338147142,960
353260000,960
211851050,960
366921840,960
367321010,959
370491000,959
368926038,959
255806154,958
367526160,958
367076910,958
316051999,958
338224000,957
367702960,957
367780350,957
367116570,957
366961810,957
368333010,957
303260000,957
367160030,956
368036250,956
367743020,956
366970790,956
538006217,956
367784560,956
338790000,956
567614000,956
369970725,956
367684950,956
367702150,955
367333740,955
368266450,955
367088130,955
367709820,954
316006101,954
366986770,954
366984260,954
257406000,954
303553000,954
257321000,954
367384680,954
367682620,954
367716190,953
367405830,953
367490790,953
366744320,953
367717340,953
367586510,952
316006199,952
367122710,952
367404910,952
636016206,952
367774490,951
367122230,951
368241150,951
477848700,950
367390130,950
366778000,950
368031280,950
367107280,950
636017077,950
366073000,950
368187170,950
367426860,949
563163400,949
477921800,949
367333940,949
244632000,949
367654250,949
368183130,949
368130050,948
367105910,948
368008740,948
367702310,948
367402560,948
215139000,948
366954170,948
366875000,947
367514620,947
538004912,947
366963170,947
563187400,947
367528180,947
367664560,947
367452870,947
338731000,947
367702280,947
431654000,947
366953870,946
367532820,946
368081160,946
367402990,946
316048072,946
368117720,946
367057470,946
367420450,945
368070570,945
368235550,945
636016291,945
368304610,945
367591990,945
316009842,945
367667730,945
538002221,944
366967510,944
367325750,944
368011450,944
366963330,944
636023855,944
338468903,944
367599740,944
219000034,944
367666530,944
367751210,943
367657630,943
367358330,943
316037746,943
636019545,943
367660660,942
367444740,942
368070620,942
368005670,941
367304260,941
367441020,941
367506050,940
367644590,940
367645970,940
367500810,940
431148000,940
366983290,940
538006709,940
538007072,939
257674000,939
367412560,939
367797260,938
367628210,938
303455000,938
257548000,938
245861000,937
366709000,937
367701220,937
256572000,937
367655340,937
636015598,937
367402580,936
257456000,936
367380840,936
441302000,936
367761630,936
367664890,936
247341100,936
636015483,935
368272090,935
367523340,935
477921600,934
367477990,934
367143710,934
368163860,934
316012406,933
367334790,933
368311870,933
477591300,933
339317000,933
636010380,933
308329000,933
368063470,932
367534260,932
366766970,932
366805350,932
366843080,931
367638760,931
368150510,930
316019565,930
367567290,930
311001005,930
368180820,930
366984320,929
538008347,929
367707210,928
367320710,928
368078670,927
316036089,927
367773490,927
367451090,927
566482000,926
368075390,926
255806187,925
316003659,925
367740790,925
368102350,924
338482000,924
367610510,923
368206360,923
368103770,923
477174100,923
368084540,922
533180090,922
368196320,921
368024790,921
368120610,921
366939790,921
368267890,921
372812000,921
367300910,921
367499170,921
373943000,921
367119340,920
367005740,920
235055089,920
368367730,920
565503000,920
367506940,919
538009746,919
367084930,919
367556630,919
368243280,918
366996080,918
219830000,918
367430840,917
367451290,917
259144000,917
636016437,916
366872980,916
256189000,916
366951060,915
256170000,915
368167350,915
368312940,915
368359370,915
339127000,914
367179790,914
368145640,914
255805550,914
538071900,913
367729030,913
249917000,913
353013000,913
367453020,913
367148660,912
367694730,912
235061354,912
367373970,911
366961490,911
636093271,910
316045045,910
366984970,909
671082100,909
367141190,909
366986450,909
311001345,909
366998840,909
316001269,909
368098930,909
370363000,908
367385950,908
368060270,908
366956790,908
316030628,908
368029910,908
367108820,908
373298000,908
368197680,908
367057620,907
636015762,907
316005623,906
367705130,906
366967590,906
567105000,906
368280920,906
367422000,906
368584000,906
367567130,906
367177370,905
636093100,905
367301340,905
319026700,905
563146500,904
367565660,904
367442150,904
368270430,904
367714450,903
366984870,903
367659160,903
367793240,903
477302200,903
368148180,902
367325130,902
367090390,902
367713740,902
538009830,902
255806051,902
367673240,902
338570000,902
636091487,901
367321740,901
338458000,901
538009560,901
368206330,901
368366270,901
366996740,900
367607250,900
338135412,899
636019358,899
636015664,899
367093510,898
367714040,898
367005580,898
367619240,898
367636460,898
374799000,898
477269600,898
367152790,897
367330510,897
538009406,896
367758960,896
368191850,896
215464000,896
367719610,896
367634870,896
367784630,896
367509350,896
374022000,896
366937490,896
373415000,895
538009660,895
367057650,895
369992000,894
368095050,894
367504910,894
368078850,894
366963280,893
368165770,893
368083440,893
316005622,893
432433000,893
367333780,892
367500880,892
563093600,892
247065500,892
366855000,891
367583170,891
367775120,891
367007160,891
636021190,890
368157390,890
367112860,890
319459000,890
371965000,890
367611060,889
477631300,889
367645470,889
368014000,889
367388520,889
338894000,889
368067690,888
538005126,888
368021840,888
368362160,888
368246170,888
368009460,887
367005520,887
636017643,885
367745540,885
309369000,885
538004314,885
636023293,885
209729000,885
367565750,884
367546890,884
367582150,884
432545000,883
366651000,883
367092190,883
368101960,883
366254000,883
403526001,883
338320514,882
306009000,882
367675490,882
636023183,882
316024235,882
367704260,881
367391260,881
366936930,881
368110230,881
368367850,880
368053730,880
366939820,880
304906000,880
367396770,880
367220000,879
368331810,879
366989220,879
368175720,879
367456940,879
367557230,879
367714520,878
367384710,877
431260000,877
367569830,877
368072830,877
367319370,876
352001378,876
367398920,876
367003780,876
367099750,876
316011504,876
563220700,875
319232900,875
367518920,875
636093186,875
477895200,874
366991110,874
338197000,874
367564940,874
563227200,873
538002641,873
339163000,873
366862710,873
368334140,873
368058110,873
369970445,873
367414110,872
303411000,872
368257150,872
538008697,872
367798430,872
319257300,871
477504900,871
636017730,871
367649810,870
259023000,870
538007361,870
367327040,870
367404860,870
368010430,870
366963320,869
368123960,869
378111899,869
367614550,869
367683590,869
368106830,868
538007270,868
367764630,867
367798420,867
366963420,867
538005035,867
367409260,867
368285040,867
368206000,866
316005713,866
368190420,866
636021714,866
367176750,866
366999450,866
538005124,865
368067110,865
367350460,865
366996000,864
477959200,864
371995000,864
636013708,864
367449870,864
368065290,864
367750340,864
477090000,864
368063930,863
477266900,863
367330890,863
367491860,862
316035469,862
367540520,861
367182110,861
367610270,861
368218990,861
367469050,860
368283350,860
338134000,860
303294000,860
338197583,859
367159020,859
367001310,858
368242030,858
368274160,858
367728870,857
367691810,857
367771970,857
368065000,857
255806086,857
368181940,856
538004487,856
367221890,855
316042365,855
368181960,855
368046120,855
368206240,854
367036190,854
367005670,854
366834350,854
210159000,854
352003546,853
303976000,853
319492000,853
368111010,853
367546390,852
367497570,852
368322260,852
367007540,852
338940000,851
538009117,851
210147000,851
338161454,851
563032700,851
368126820,850
367104050,850
367143690,849
367118440,849
316007654,849
441115000,848
367402450,848
368188920,848
255806070,848
636021207,848
367113120,848
441486000,847
368224050,847
245634000,846
367547330,846
636020994,845
367580190,845
636022795,845
366932750,844
367379320,843
636019245,843
368017750,843
257711000,843
563024800,843
338499741,843
367474560,842
367477280,842
311063100,842
367151380,842
477607200,842
368250930,841
367431620,841
368088590,841
368038080,841
367799260,840
257901000,840
338495000,840
636018237,840
367581140,840
636015849,840
368356960,840
367303720,840
316048071,839
366999931,839
368337480,839
367002580,839
367602270,839
367097570,839
366989360,839
368024380,838
367475030,838
366887970,838
367334810,838
368278450,838
229752000,838
367587710,837
368151890,837
368227820,837
538010566,837
369275000,836
316045528,836
368064690,836
366732430,836
477893100,836
244561000,836
367681150,836
303517000,836
477252200,836
368024740,835
367007520,834
367385690,834
538007471,834
366989830,833
368542000,833
368357430,833
367505750,833
538010569,832
357657000,832
367634690,832
367143360,832
368009990,832
367612470,832
368014850,832
367727530,832
477327200,831
369970769,831
366812000,831
367586910,831
256997000,831
367395280,830
366750490,830
255806156,829
351931000,829
368160290,829
512207100,829
316001268,829
366982340,828
367057690,828
368177790,828
368170240,828
353664000,827
538010481,826
367378960,826
229580000,826
368363180,826
311805000,826
219210000,826
367524060,825
538009398,825
367505650,825
636092890,825
368028790,824
477102200,824
366811310,824
368256670,824
338498894,823
477176300,823
354013000,823
368177990,823
236112620,822
538008882,822
374637000,822
368321010,822
367482250,822
368135920,821
368268210,821
256748000,821
368102250,821
367760730,821
366970820,821
316030626,821
636017711,820
369703000,820
367786820,820
636022893,820
367369060,820
368156740,820
304127000,819
367787640,819
338441677,819
367514640,819
366920510,818
367782880,818
367503550,818
367103880,818
368126190,817
367341450,817
366976920,817
367544970,817
366995170,817
563270000,817
636023734,816
636093031,816
367442380,816
367552680,815
367503940,815
367779550,815
367486980,815
319023700,815
367438690,814
471706202,814
368181680,813
352002460,813
538010705,812
367702360,812
440022000,812
367521420,812
367484250,812
367689040,812
367013020,812
368163240,812
538070721,812
366982920,811
367719150,811
368045260,811
538070561,811
367641540,811
367516020,810
230185000,810
367643270,809
367482910,809
366996140,808
366014000,807
368280990,807
368300510,806
367138050,806
368097560,805
367611250,805
368130610,805
303270000,804
367414810,804
367325520,804
367108940,804
366921740,804
338506324,804
255806155,804
367721870,804
367778120,804
367325460,803
367459960,803
563191800,803
367507730,802
368589000,802
367797450,801
477211100,801
316001252,801
367614890,801
235076276,801
319278600,801
367057720,801
563174900,801
366919230,801
367665380,800
477004700,800
368054470,800
367758950,800
368316490,799
636021209,799
367332010,799
636015567,799
367496950,799
367519080,798
538006338,798
368197150,798
367748330,798
431573000,798
367415390,798
367397760,798
368259540,797
338218167,797
368356340,796
255806388,796
538003543,796
316006154,796
366868000,796
356883000,796
227541110,796
367402730,795
368000890,794
367582110,793
367566040,793
367532850,793
368222360,793
367367470,793
241190000,793
366991810,793
367393650,792
366980410,792
367598980,792
311000322,792
367518670,792
368263930,791
563187500,791
563197900,791
367452710,791
368088160,791
367769560,791
338616000,791
368004090,791
367570080,791
352002095,790
368111560,790
367039000,790
368291370,789
368286340,789
316005721,789
367141690,789
319017300,789
368093130,788
229597000,788
367119570,788
367336000,788
367710420,788
367735750,788
367703090,788
367471780,787
367076210,787
367444420,787
368004310,787
367641610,787
367091160,786
367401290,786
319479000,786
636016985,785
367161870,785
367126410,785
563200400,785
367456880,785
215189000,785
367434160,784
367469790,784
366864050,783
367612040,783
367502540,782
367715930,782
366952340,782
368152730,782
368245080,782
368141540,782
368111580,781
255806506,781
538002783,781
368266590,781
368130590,781
368296530,781
636022758,780
368038040,780
367151450,780
368022610,780
563112300,779
432288000,779
477286300,779
368022580,779
366857070,779
369493147,778
367456770,778
366987010,777
370381000,777
367127770,777
368031000,777
366936680,776
232052594,776
338196000,776
366972620,776
367653650,775
538008748,775
316026989,775
311000580,775
413196000,775
366897080,775
367356340,775
477100100,775
367340680,775
538005554,774
367447520,774
367436030,774
367498360,774
367787650,774
338794000,773
636016673,773
366996120,773
338364359,773
431850000,773
339659000,773
368141810,773
338545000,772
368339380,772
414294000,772
368048660,772
316020067,771
316004659,771
367702230,771
367710650,771
367426120,770
367651380,770
367543070,770
366961530,769
255726000,769
367341890,769
367581980,768
367773150,768
367002110,768
367134000,767
368233890,767
366563000,767
368043070,767
366978720,767
538010217,767
367001740,766
316020869,766
636017165,766
303031000,766
368217380,766
636016362,765
338431571,765
367166430,765
367327630,765
636019990,765
367014460,765
538010134,765
367369720,764
367153950,764
538072130,764
538004150,764
338105183,763
249973000,763
366989950,763
367798350,763
367581090,763
367705810,763
338102043,762
538008034,762
244770273,762
367363740,761
368182170,761
366884140,761
316009547,761
368072180,760
338926452,760
366962130,760
367549260,759
368338140,759
367648680,759
368234460,759
366767140,759
316045777,759
367525740,759
636019391,758
367618980,758
368103540,758
316039402,758
338078958,758
367471840,758
367721790,758
367025890,758
367599760,757
369970573,756
367590270,756
368225940,755
367408160,755
316003124,755
368161640,755
374815000,755
367441870,755
366934770,755
366986780,755
367026710,754
367428150,754
367348910,754
367589310,754
367155430,754
538007108,753
316053758,753
367430330,753
367658140,753
414490000,752
368359240,752
339067000,752
368303320,752
367596750,752
368120620,752
367439360,752
372737000,752
367718490,752
636020880,751
538010909,751
366934890,751
303656000,751
367561460,751
367493870,751
367784640,751
367762230,751
255804470,751
477302100,750
367456960,750
367318540,750
259164000,750
366898190,749
367522430,749
366904910,749
367582850,749
366941860,749
367438210,748
366925620,748
368331730,748
477961500,748
368362880,748
367162320,748
538007197,748
367656980,748
366963150,747
367142430,747
368033540,747
311000906,747
367533180,747
366880470,747
367765930,747
368172470,747
367342070,747
338486004,747
369307000,747
367641590,747
366889000,747
368102010,747
367712370,747
367043240,746
248020000,746
367718020,746
366760610,746
367088290,746
538072221,746
414670000,746
367556680,745
255806274,745
338021074,744
368353280,744
311000357,743
636020984,743
367640240,742
367419770,741
367750150,741
367513220,741
538009924,740
319259100,740
311000969,740
367193790,740
565949000,740
218861000,740
563343000,740
368296000,739
367354350,738
367354360,738
370258000,738
367401480,738
353751000,738
367314610,738
316047943,738
367479280,737
477891500,737
367581490,737
367709870,737
368256220,736
368076460,736
367772480,735
368352250,735
366984880,735
538005804,735
367761640,734
367129820,734
367100870,734
366984270,733
367166440,733
368090590,733
367303000,733
367143650,732
477392300,732
368287020,732
367139210,732
353732000,732
367773540,732
311001095,732
305514000,731
367578710,731
636023784,731
367328790,731
368220830,731
319243400,731
368445000,731
311000922,730
367790610,730
368163680,730
636010378,730
563029900,730
367411370,729
368143890,729
367604000,729
367746000,729
367471080,728
367645170,728
229680000,728
538007411,727
368172430,727
338134645,726
368335980,726
369533000,726
228432700,725
367138470,725
316026648,725
366758680,724
367110450,724
564692000,724
566673000,724
368345360,722
367002530,722
636023971,721
367413760,721
316032068,721
368130550,720
368307940,720
366988770,720
367388680,720
367397090,720
366967720,720
368275760,720
311001249,719
367653860,719
367074840,719
366993660,719
368193830,718
538005740,718
366969440,718
372092000,718
316046453,718
367088180,718
367774160,717
367675020,717
367337960,717
367496750,717
367518780,717
367641290,717
367113290,717
538008526,716
209321000,715
367725350,715
367136040,715
367768880,715
367053370,715
369812000,715
232018048,715
311000851,715
366961420,714
366850210,714
232007939,714
367542370,714
356827000,713
367047080,713
369567000,712
367419340,712
368317880,712
366837540,712
367754120,712
338497836,712
371153000,712
366992110,712
215938000,712
367614860,712
368064180,711
368251620,711
367389160,711
367696640,711
366913770,711
367119810,711
367157650,711
414052000,711
538009928,710
367507960,710
367355240,710
316041902,710
368413000,710
236111902,710
367114110,710
366902350,710
338553000,710
368132980,709
367799320,709
366914180,709
367420410,709
367019240,709
367513140,709
367434080,709
367003770,709
368087510,709
368078230,709
257112270,708
367373350,708
367241000,708
316011982,707
563102700,707
367598950,707
636015659,707
367166950,707
367308010,707
366868360,707
255915785,707
366977710,706
477157700,706
367030830,706
338427259,706
366983840,706
319017500,706
477866300,706
366931000,706
367444940,706
368465000,705
367387420,705
367306030,705
368078120,705
368324850,705
256744000,705
368212490,705
367445550,704
367794470,704
367693670,704
368045410,704
366963050,704
538002220,703
367799590,703
368014250,703
368326020,703
366962000,703
255806137,702
316023605,702
367653290,702
311057100,701
244820000,701
305024000,701
367547030,700
367108660,700
338339356,700
366914210,700
368099290,700
338112876,700
368082970,700
367437840,700
636020775,700
367301480,699
353934000,699
257672000,699
368197090,698
368244180,698
368034540,698
368207180,698
367123550,697
368047610,697
367797440,697
636019995,697
367340180,697
367458610,697
316018634,696
310721000,696
367435340,695
368282680,695
367170890,695
367109720,695
366954420,695
352001861,695
368054660,695
338030000,695
215905000,695
366963470,695
538011011,694
338202306,694
367378670,694
368322980,694
367469020,693
368171390,693
372309000,693
367648960,693
338085295,693
339197000,692
563079999,692
366995970,692
338499788,692
367646390,692
367192970,692
367647820,691
367502520,691
367388640,691
477027700,691
316020508,691
367471820,690
368084140,689
210740000,689
338199251,689
367675910,689
316048074,689
338519000,689
235089913,688
367658870,688
366825870,688
338148351,688
367555330,687
368143810,687
366988760,687
367357000,686
338431563,685
636015771,685
256868000,684
366982320,684
256770000,684
367396720,683
366495000,682
338483517,682
367588330,682
265884000,682
368148790,681
367724890,681
367320750,681
369565000,681
368269770,681
367057340,680
366771550,680
367668760,680
367731010,680
367052130,680
366934050,680
367539140,679
368263450,679
367214000,679
370490000,679
377908000,679
367500650,679
538008424,679
366813030,679
367183020,679
247439800,678
367561140,678
373662000,678
369725000,678
367767230,677
366984110,677
338456653,677
209997000,677
367698890,677
303943000,677
366990450,677
355369000,676
367708380,676
366965960,676
368359850,676
367468230,676
367456850,675
563171800,675
538008449,675
368033280,675
367772590,674
367469910,674
316001235,674
338225000,674
367003410,674
367705050,674
338395913,673
366966650,673
367031360,673
367712860,673
367308610,672
368158950,672
311536000,672
369040000,672
249338000,672
367794450,672
368248580,671
367716260,670
367398450,670
215196000,670
477110500,669
367770980,669
366936590,668
338071607,668
366765940,668
367721930,668
366916860,668
367371820,668
369371000,667
368115150,667
316044324,667
367036000,667
367333820,667
368049750,666
993691002,666
477941800,666
367787020,666
368336340,666
367714460,665
366979510,665
367743960,665
367010420,665
368091240,665
367554180,665
368210340,665
311000508,664
339245000,664
367364760,664
367797170,664
367534240,664
367534840,664
367056982,664
368362230,664
366851610,663
366849480,663
369113000,663
367428520,663
366977070,662
367583480,662
316003982,662
367556640,662
538006216,662
368277760,662
316044371,661
368215350,661
368123123,661
338184011,661
366989970,661
368027650,661
369970504,661
211384120,661
338021096,661
367481310,661
367668810,660
367728850,660
232027158,660
367627830,660
367617080,660
368188310,660
368171260,660
368081150,660
367426920,660
477627300,660
367498010,660
368120140,659
367486910,659
368056920,659
368145910,659
538006655,659
369339000,659
636092930,659
316023608,659
367583670,659
367545690,659
369638000,658
538009197,658
367057810,658
303520000,658
368130570,658
311062000,658
367595510,658
367004920,657
235076282,657
565380000,657
538005260,657
366933680,656
367786010,656
305176000,656
316053441,655
367183240,655
367725310,655
368105180,655
366876000,655
367773360,655
636022727,655
368926285,655
367006420,655
368183430,655
316014836,654
636012425,654
366791000,653
367185330,653
367391930,653
367710550,653
368372060,653
374993000,653
538004609,653
366969980,653
636013645,652
368024430,652
366755160,652
367536660,652
367712160,652
367586370,652
367381610,652
636018470,652
219019002,652
367023690,651
367589540,651
209848000,651
367380880,651
366748650,651
367001940,651
636022411,651
367759740,650
367702020,650
577608000,650
441995000,650
368255020,649
366769330,649
367635490,649
366999529,649
220129000,649
636014286,648
367139590,648
368292050,648
339000053,648
368104830,648
367602790,648
265596250,647
636093092,647
367023480,647
367112630,647
352003176,647
338415171,647
366988450,647
367561730,646
368115870,646
227744000,646
366963360,646
367780050,645
316003880,645
366722000,645
319270500,644
368171000,644
244810614,644
367542760,644
366798160,644
316005496,644
368237860,644
366673000,643
311000853,643
368253890,643
367513040,643
367456640,643
338337158,643
370271000,642
368153320,642
368323000,642
440009000,642
256226000,642
371718000,642
367058813,642
305625000,642
367725060,641
368315470,641
356051000,641
338172099,641
636021785,641
369043000,641
368029450,641
367510870,641
368072710,641
368223130,640
367782270,640
368027410,640
366777160,640
367555690,640
319263400,640
374858000,639
338103012,639
338893000,639
316027733,639
563188500,639
636018915,639
367178330,638
338888000,638
368013040,638
338472177,638
308416000,638
316003331,638
577370000,638
377901107,638
316048574,638
319115800,638
477922600,637
316029797,637
368349000,637
219156000,637
367720750,637
241786000,637
367003380,637
563194800,637
367628670,637
369493635,636
338428831,636
368007470,636
368317840,636
368213390,636
368199850,636
368250110,635
538008010,635
249598000,635
366872110,635
367520980,635
368297540,635
366963520,635
636023912,635
357764000,634
367147860,634
367692890,634
305187000,634
636016707,634
636015992,634
367661690,634
309285000,634
367702190,633
367144820,633
366962950,633
367620140,633
368090840,633
366853070,633
367721960,633
367726210,633
367516330,633
563046800,632
367795910,632
338431458,632
367689280,632
338330192,632
368083410,631
356449000,631
367631610,631
636018640,631
368005120,631
367796180,630
566453000,630
367594190,630
366986260,630
538006199,630
366826000,629
368329430,629
367152910,629
366969970,629
367461940,629
367742540,629
367162640,629
368181090,629
367669280,628
367398930,628
338447000,628
367741120,628
367641230,628
538005361,627
368243490,627
367653160,627
565482000,627
577208000,627
367402950,626
367347610,626
248620000,626
538005771,626
538004065,626
367133160,626
368199000,626
477135600,625
367098350,625
367594960,625
366904350,625
368269610,625
367029690,625
368128040,624
477559900,624
367637960,624
367667740,624
367134360,624
367460670,624
367143160,624
367626130,624
367009830,623
367780670,623
368018840,623
367620420,623
351374000,623
367675470,623
368280940,623
338421038,623
338184357,623
367383070,622
636016337,622
338145209,622
338473323,621
368226610,621
368184910,621
368100740,621
563403000,621
367367640,620
366778450,620
367353090,620
366994450,620
338118971,620
366760670,620
316047577,620
367304280,620
338016759,619
367371170,619
338441051,619
257368000,619
368142610,619
367717060,619
538005314,619
361111111,619
319353000,619
367781000,618
368073990,618
367171320,618
368181860,618
368304090,618
367659980,617
367606520,617
367592230,617
367062810,616
338350317,616
338138391,616
367455770,616
366906130,616
311000905,616
367421990,615
366918910,615
367107680,615
368185490,615
369225000,615
538009795,615
367397270,615
319190200,615
377409000,615
367708880,615
338235322,614
368342500,614
538005553,614
367503790,614
367618970,614
369970121,614
367474720,614
367519240,613
636020494,613
368136260,613
367138360,613
367614560,613
636021018,613
249558000,613
311001504,613
367168450,612
338204544,612
338500898,612
367424420,612
369493023,612
636021935,612
319277800,612
367309990,611
338105458,611
316012342,611
563102000,611
370967000,611
256528000,611
353578000,611
367425520,611
367612530,611
367044130,610
367402530,610
338234542,610
366880790,610
338305000,609
367438000,609
368192050,609
338703000,609
319009500,609
367758660,609
366922110,609
538071496,608
367354090,608
367350790,608
112119600,608
367604450,608
367606280,608
316001266,608
368203720,608
311018700,608
368283570,608
367677670,608
367757680,608
477736900,607
338203383,607
369702000,607
367371810,607
366967350,607
338328296,607
367753860,607
368253850,607
366081080,606
367730910,606
367684960,606
367035820,606
366923440,606
563127200,606
367500470,606
636023060,606
316004908,606
352002702,606
367662390,606
367653470,605
367662840,605
366951820,605
368565000,605
367767430,605
636019199,605
367564930,605
338510554,604
338143481,604
368044540,604
563090400,604
368247000,604
367599260,604
367712140,604
366972260,603
367754630,603
368316610,603
210478000,603
368212750,602
367741150,602
367512870,602
368225560,602
538009446,602
367546910,602
367482470,602
367735690,602
367051340,602
367562810,602
367339130,602
351187000,602
368216190,601
366983830,601
367622290,601
338926451,601
338168958,601
368058790,601
367702420,601
368375910,601
338385537,601
338363632,600
378113556,600
367685550,600
338314584,600
367465140,599
257695000,599
305723000,599
367198880,598
367539090,598
367627580,598
367691190,598
368012040,598
367773570,598
220379000,598
367385940,598
366943940,598
368341970,597
367505630,597
366961130,597
338125982,597
367704280,597
368099310,596
512007050,596
367598970,596
368112550,596
338107744,596
368290020,596
368151160,596
367678090,596
368239910,595
367576110,595
366863240,595
368269780,595
357547000,595
538006955,595
366995580,595
367651810,595
368217990,595
368161020,595
367479630,594
368496000,594
367143380,594
636023607,594
338446000,594
338575000,594
338380893,594
244168000,594
477043500,593
538008703,593
311000408,593
367146510,593
368061080,593
366889830,593
368005440,593
636091971,592
538071633,592
367085240,592
367745090,592
368172220,592
367681720,592
368075180,592
369493050,592
368006590,592
368246580,591
367406920,591
351780000,591
367158940,591
316041123,591
366980170,591
366971000,590
338055535,590
338513000,590
338128044,590
271040311,590
338357553,590
366948310,590
367434360,590
368102870,590
316019415,589
367446290,589
368069660,589
367748820,589
367073380,589
366258310,589
538007465,589
368111370,589
367104070,589
319120100,589
338089481,589
309108000,588
368176610,588
367508430,588
339274000,588
235055547,588
368346520,588
368199340,588
338429259,588
367676880,587
367373640,587
367434210,587
367431830,587
368215170,587
338444001,587
304883000,587
367430290,587
368342150,587
538011080,587
338257000,587
538007977,587
369260000,587
538009699,586
368269860,586
368481000,586
338411536,586
215797000,586
367646980,586
367651440,586
368048220,586
367002980,586
538009664,585
367471440,585
368115440,585
316045065,585
367632470,585
316027848,585
368326690,585
367192060,585
241742000,585
367004890,585
316018336,584
345020036,584
366921780,584
367342230,584
316009165,584
338060409,584
338238025,583
367129260,583
338494843,583
367637740,583
538009724,583
367467280,583
367046160,583
367538280,583
303547000,582
367033910,582
368327640,582
367004110,582
368274190,582
367683830,582
368051060,582
367741340,582
367325150,582
368162020,582
368078690,582
345060076,581
366967810,581
368033840,581
636020446,581
316038126,581
367740360,581
367712090,581
367300160,581
303509000,581
366801510,581
366999791,581
367534690,581
368078680,581
636019310,580
338474408,580
353055000,580
367743890,580
366945510,580
368193690,580
261005651,580
368240710,580
316011408,580
367057240,580
367456980,580
338424194,580
368025250,579
352986205,579
366877570,579
477314200,579
316042515,578
366919160,578
368213090,578
367304530,578
338095126,578
367351740,578
338409031,578
368006130,578
352898773,578
352583000,578
367050080,578
367710540,577
367507070,577
368069000,577
367370780,577
316016328,577
636023384,577
355297000,577
477006500,576
367767260,576
368238310,576
538010464,576
367454470,576
368132180,576
367581990,575
368079130,575
316011407,575
367640890,575
367477290,575
368063440,575
338263000,574
366186640,574
368163710,574
367585780,574
368110070,574
366954840,573
367716330,573
367065790,573
367595460,573
311000915,572
356330000,572
367478770,572
367774120,572
367634750,572
368171370,572
227914980,572
338327000,572
369493669,571
636022620,571
311001384,571
367359250,571
367638010,570
367412620,570
338331056,570
367504980,570
256490000,570
367744110,570
367300350,569
538070979,569
367740130,569
548910000,569
367028780,569
538005521,569
352001352,569
366273000,569
339943000,568
577369000,568
368273770,568
368256650,568
355245000,568
366914410,568
338023443,568
369257000,568
367151730,568
367697440,568
368264270,567
316004661,567
338205084,567
368142220,567
367777450,567
367503540,567
338442000,567
319446000,566
367788780,566
366979360,566
367338610,566
368111380,566
259104000,566
368094230,566
368088820,565
366773340,565
368289560,565
368044460,565
338194649,565
538004498,565
372924000,565
255805760,565
366866280,564
477348200,564
563113500,564
338248272,564
338362648,564
368186280,564
367003210,564
368201760,564
367725220,564
367364840,564
316002213,563
563185900,563
372267000,563
366967580,563
367445000,563
563160600,563
367070910,563
255806492,563
368338770,562
366997820,562
367776410,562
367457000,562
367002270,562
538010121,562
366938440,562
366981940,562
538070032,562
338174757,562
366893910,561
367700540,561
367688660,561
368251250,561
368050920,561
338374461,560
366950980,560
367481450,560
367492940,560
368294280,560
636016647,560
303615000,560
503486500,560
368215560,560
368264140,560
369753000,559
367398120,559
338472474,559
368062150,559
367771000,559
338505341,559
477150200,559
366941280,559
368015480,559
538005166,559
367604770,559
636092935,559
367057840,558
368144370,558
367668280,558
339000067,557
367771860,557
257731000,557
367750780,556
538009022,556
366763690,556
367177610,556
311001375,556
367143920,556
367450150,556
367547910,556
366215000,555
338796000,555
366515000,555
319489000,555
367530470,555
368094840,555
367003490,555
368144290,555
368184990,555
367799380,554
368184920,554
366943960,554
374356000,554
366629680,554
304109000,554
368264620,553
563198800,553
367716960,553
368121000,553
368119660,553
338218345,553
477652100,553
338336878,553
367667060,553
367161570,553
368157020,552
367722360,552
368006430,552
368196410,552
303117000,552
316006786,552
367173210,552
367586920,551
316005607,551
338238052,551
366855710,551
249747000,551
367077850,551
367415840,551
367704150,551
368147620,551
338137824,550
368353460,550
367327540,550
538005125,550
367334270,549
538071206,549
367450190,549
338531000,549
368152050,549
367347430,549
538010458,549
367093690,549
338207467,549
368288630,548
369493007,548
367778140,548
248697000,548
367338290,548
368012560,548
367406570,548
367586890,548
367690820,548
538009123,547
367029490,547
368293040,547
367171980,547
533001750,547
338126515,546
338234027,546
368285150,546
367731530,546
367608840,546
366838050,546
367394060,546
338051000,546
630001053,545
368206450,545
368260060,545
367770470,545
366805390,545
319160800,545
338460057,545
368295670,545
338357463,545
367633000,545
367690010,545
538005605,544
367028750,544
316023452,544
367765240,544
368173140,544
368127190,544
368166720,544
368106000,544
367461340,544
367638050,544
563006800,544
366978690,544
367784160,543
366992040,543
368551770,543
368099430,543
367638970,543
338324961,543
368251010,543
319499000,542
368043510,542
366766840,542
366853890,542
636019077,542
323146000,542
338394854,542
366999513,542
366862820,542
367708150,542
367353590,542
368186020,541
247304200,541
338416267,541
249878000,541
368104540,541
368241160,541
368070080,541
636015150,541
368270730,541
367780760,540
256615000,540
367426410,540
316005718,540
368203570,540
338506411,540
338295000,540
377901110,540
368017040,540
368321940,540
366518000,540
367657270,540
316042503,539
311001451,539
371318000,539
477131900,539
366955460,539
338737000,539
338760000,539
368122380,538
366425240,538
366986430,538
316005732,538
368252690,538
367665120,538
368118850,538
367197480,538
338415067,538
367332090,538
367088170,538
309891000,538
338184837,538
366100000,538
671969100,537
368270710,537
368105080,537
338427000,537
316001633,537
374581000,537
244020048,536
538009246,536
368261450,536
367080170,536
368182960,536
367748980,536
338331397,536
563194700,536
368926641,536
319224200,536
368214440,536
367532910,536
366958670,535
367495480,535
366961690,535
311000467,535
368021960,535
368137880,535
314428000,534
338054506,534
338359453,534
367786240,534
367685560,534
367402050,534
368106560,534
366905340,534
367456890,534
366962220,533
563214200,533
366903910,533
316004702,533
538006934,533
368163350,533
338132814,533
368168150,533
367353070,533
368130640,533
265025000,533
367053160,532
367712170,532
354686000,532
367371790,532
636019198,532
368351240,532
338360213,532
367102000,532
367606390,531
366834160,531
366996290,531
368201540,531
367358240,531
367652980,531
338427531,531
338313366,530
244129000,530
367004280,530
338389953,530
367304380,530
367742440,530
367582190,530
338132223,530
538071897,530
368034380,530
368250370,530
367006560,530
368141960,529
367003460,529
366961670,529
367483260,529
368236230,529
368136580,529
338466338,529
338357888,529
338427393,529
368237350,529
368335910,529
367313120,528
538009561,528
368108170,528
368162000,528
240975000,528
367390870,527
212583000,527
367505060,527
368125790,527
244149000,527
367007480,527
338194139,527
338140317,527
338253868,527
229548000,527
368159160,527
368260240,527
367709770,526
368330920,526
305375000,526
368144670,526
538005123,526
259243000,526
367149980,525
367092210,525
368300230,525
368023370,525
367668680,525
367490430,525
311000170,524
367799940,524
368175910,524
311708000,524
368309740,524
316001193,524
338182839,524
367635000,524
373733000,523
636019992,523
367792030,523
368012340,523
316005616,523
367075090,523
367743370,523
367371840,523
338247363,523
367639150,523
367696750,522
367433690,522
369142000,522
368133150,522
368325750,522
367724490,522
367441490,522
367006030,521
367400050,521
367456680,521
368219890,521
338336662,521
538010449,521
316039405,521
367590780,521
357069000,521
636023799,521
367384840,521
338000372,521
354580000,521
636022159,520
367323360,520
367130890,520
367782080,520
319994000,520
319272700,520
316035906,520
368006870,519
366970430,519
338182906,519
563050500,519
503095460,519
368128050,518
249551000,518
367778730,518
367712190,518
636018042,518
368046620,518
366926050,518
316039686,518
368194280,518
367529160,518
367496450,518
338356398,518
367184120,517
316048569,517
563058900,517
367477980,517
316005717,517
338103006,517
367335360,517
319466000,517
368357190,517
367658750,517
338500494,517
367026350,517
338440184,516
368611000,516
636023258,516
343991331,516
367588620,516
338371927,516
368282770,516
367711140,516
368324450,516
367358930,515
338591000,515
368224310,515
338025000,515
368135710,515
367652650,515
367474890,515
538071344,515
375192000,515
636016596,515
636022430,515
368324270,515
367384020,515
368248530,515
338364303,514
215919000,514
367683820,514
338474765,514
367640910,514
338130816,514
366897560,514
368027780,514
338422993,514
338325166,514
367330830,514
367673080,514
368178350,513
338441651,513
228340900,513
538006470,513
367725880,513
311807000,513
367120060,513
338352459,513
367525670,513
366975760,513
563622000,513
367325010,513
367013390,513
367514980,513
338305627,512
368125270,512
356315000,512
368359010,512
366909880,512
338361819,512
368088250,512
255915619,512
338649000,512
338459582,512
368352240,511
368183570,511
304824000,511
366962380,511
368133920,511
303372000,511
368221320,511
240893000,511
368261340,511
355433000,511
367590390,510
352003624,510
338311386,510
345040036,510
368293810,510
368199660,510
368310430,510
316039515,510
367085710,510
338407144,510
367400690,510
368032120,510
366984950,509
248721000,509
636020536,509
367389220,509
367697090,509
518100411,509
636016801,509
338218374,509
367631740,509
538004017,509
367131290,509
636024243,509
338209433,509
367547750,508
367655710,508
319121000,508
368345410,508
368224160,508
357715000,508
367299720,508
338059511,508
366991413,508
367368750,508
563138700,508
367475660,507
367350050,507
316048749,507
368052440,507
367131650,507
338212734,507
319244200,507
367380060,507
366774330,507
367666740,507
338130902,507
367432980,507
316051731,507
311069200,507
316042421,507
368091280,507
366843420,506
368357510,506
334977000,506
367686510,506
259795000,506
367032710,506
538008330,506
366954160,506
316048672,506
338465602,506
366993250,505
367311590,505
338128163,505
338465603,505
319143700,505
367511370,505
367305890,505
636017837,505
366982350,505
366897820,505
636022832,505
366685950,505
367429570,504
367659970,504
367478450,504
366980230,504
367002130,504
366940890,504
367594260,504
368265850,504
367186630,504
368274380,504
368291180,504
367689060,504
338068000,504
367752060,504
368230870,503
368099520,503
338001001,503
367120830,503
368266610,503
367312120,503
368220110,503
355006000,503
367485290,503
338323796,503
316044206,503
366859760,503
366995960,503
367597270,503
338227057,503
316042384,503
366745460,502
367519290,502
367707480,502
311001247,502
316012103,502
368059180,502
319120200,502
227773360,502
368155440,501
366780440,501
367127480,501
367509840,501
367340220,501
367379890,501
366980160,501
369232000,501
366766860,501
367219000,501
368136310,501
338311146,501
367362520,500
368093080,500
367360430,500
366864450,500
367071144,500
366998170,500
368368870,500
368295090,500
563226700,500
235095651,500
368206040,500
367575550,500
345140400,500
319822000,499
316006894,499
368342840,499
368072060,499
368147980,499
367342960,499
368182410,499
327770011,499
316001245,499
367625080,499
636018092,498
319151300,498
368038210,498
367591950,498
368191530,498
316049987,498
366842850,498
368302340,497
368217390,497
367539420,497
367782990,497
367770540,497
367475530,497
367384520,497
367655380,497
269308000,497
367733250,497
367549710,497
374369000,497
367787430,497
352003732,496
338371906,496
563100600,496
636023108,496
367608260,496
368237080,496
368090350,496
246771000,496
316039572,496
257389000,496
367007030,496
368323790,496
366940000,496
368039980,496
367512640,495
367628350,495
338234735,495
367340430,495
367719540,495
368021320,495
338421443,495
367075320,495
368025960,495
367629590,495
338100000,495
368319680,495
209513000,495
367486050,495
367496240,495
636019926,494
316030999,494
367743660,494
338383794,494
368205160,494
319014200,494
366815430,494
368269430,494
367453420,494
338404076,494
367684110,494
366999422,494
368072090,494
367603350,493
338320583,493
338787000,493
316048073,493
368329450,493
367400840,493
367400720,493
368127220,493
338427994,493
636019994,493
303029000,493
368269110,493
477139500,493
367614880,493
319076300,493
368212260,493
316029516,492
316008224,492
338242317,492
368284180,492
357429010,492
367654230,492
367396670,492
255737000,492
367706320,492
368014710,492
338319018,492
368307870,492
311000221,492
338420098,492
367697130,491
367530040,491
367614640,491
368120020,491
368011730,491
249745000,491
367689770,491
366985310,491
367606270,491
370034000,491
367485050,491
403538000,491
538008032,491
367074170,491
367166940,491
366921370,491
367791820,490
338478459,490
367793030,490
339254000,490
338184531,490
367030530,490
338456522,490
338159989,490
367019930,489
368090520,489
338439238,489
209652000,489
338470282,489
367787990,489
367639780,489
368165150,489
367482550,489
367776270,489
338172076,489
338346219,489
367635620,489
368023770,488
367527820,488
303075000,488
368269740,488
367065250,488
366941830,488
338455424,488
368359820,488
368008650,488
319070400,488
538090627,488
338474742,488
352001856,488
368097870,488
338323457,487
368088860,487
338230228,487
367001730,487
367641580,487
366877970,487
563076200,487
338143353,487
367676420,487
310790000,487
367355530,487
338206408,487
338205826,487
367389280,486
538003272,486
367367430,486
367327760,486
338443306,486
338186593,486
368050490,486
338036132,486
368321460,486
257145000,486
338193493,486
368025020,485
256732000,485
368346970,485
367796220,485
368222960,485
338385716,485
367479820,485
538070187,485
367678850,485
338158000,485
369994000,485
367493740,485
368057410,484
367710240,484
367709340,484
368095380,484
378262000,484
636022974,484
219010077,484
366983370,484
368284370,484
366966210,484
339124000,484
368457000,483
368141250,483
367511230,483
367619730,483
353408000,483
368351210,483
357422000,483
249335000,483
338181286,483
357910000,483
367357040,483
368354710,483
368338630,483
338099721,483
368237840,483
368221670,483
367500410,482
367123560,482
368027840,482
368247680,482
367129670,482
367448570,482
367500190,482
367352010,482
367368460,482
367589590,482
367778090,482
367610660,482
367680870,482
367582990,481
636022168,481
367437970,481
366593000,481
367385870,481
565873000,481
368282870,481
368273720,481
338351000,481
338476903,481
366848260,481
338058197,481
367054980,481
367614610,481
316045069,481
368140980,481
247376300,481
367402280,481
636019029,481
636017066,480
538009294,480
338129345,480
338176000,480
367645320,480
367050270,480
367533930,480
538007029,480
354842000,480
477413800,480
235095836,480
366984990,480
368203650,480
368269470,480
303829025,480
367149030,480
209414000,480
367480150,480
538005414,480
368016920,480
338139212,480
563004200,480
368048110,480
538009667,480
538009798,480
366867540,480
368337530,480
367104480,479
338332843,479
366912290,479
368372810,479
338168189,479
636021195,479
636093022,479
367834000,479
338180022,479
371919000,479
563019500,479
338376696,479
368164540,479
636016399,479
351754000,479
345050085,479
367719710,479
339251000,479
366896420,479
538007824,479
338102941,479
338362095,479
310807000,479
353727000,479
367565130,479
367561000,479
367565110,479
369852000,479
367509770,479
368156790,479
367371390,479
368057370,479
367468640,479
366999919,479
367725380,478
338394819,478
477735900,478
338416000,478
311000796,478
369262000,478
366976780,478
311000902,478
368059360,478
566846000,478
636016197,478
367358520,478
367645750,478
366349530,478
311001220,478
352428000,478
338162019,478
636018714,478
367716050,478
366846000,478
368140540,478
367400740,478
538008208,478
367557620,478
316016574,478
367640060,478
368275830,478
367163760,478
368222740,478
368262530,478
367629420,478
354394000,478
636020794,478
368065620,478
368128110,478
368156510,478
368357660,478
255975000,478
548998000,478
367585310,478
368065210,478
366997390,478
636021568,478
367712180,478
256082000,478
366747870,478
367157570,478
367743710,478
636092952,478
538008732,478
368664000,477
368072280,477
368181770,477
367739530,477
431113000,477
368200240,477
338106889,477
367765630,477
367132020,477
367124390,477
538006621,477
367630170,477
368141350,477
636021994,477
352002017,477
538071218,477
368343560,477
366875020,477
538006704,477
347016450,477
366975990,477
538003630,477
368298610,477
338427777,477
538007759,477
369264000,477
368250230,477
367016390,477
368027120,477
368078540,477
367514780,477
338059157,477
338189952,477
374282000,477
246100000,477
338215917,477
636013611,477
259303000,477
367655820,477
373622000,477
367492140,477
636015592,477
338099886,477
366862830,476
311000267,476
354543000,476
477131400,476
238045000,476
338412221,476
368356790,476
367128160,476
368256970,476
367601830,476
636020805,476
367661180,476
256033000,476
366991820,476
368414100,476
255806297,476
538008469,476
367504090,476
355663000,476
367602640,476
352003638,476
319031900,476
338228351,476
338357462,476
367459790,476
367599010,476
367558180,476
338140385,476
303585000,476
368191710,476
538004173,476
366993810,476
477183500,476
367795060,476
258964000,476
354228000,476
368309130,476
246456000,476
368333870,476
367349430,476
367180940,476
367755070,476
368049590,476
368992000,476
367033750,476
368926288,476
367478650,476
369970909,476
367534010,475
368006350,475
563326000,475
368361290,475
368044730,475
311000416,475
367738080,475
338990000,475
338725000,475
219382000,475
367007880,475
367428110,475
366793760,475
368270350,475
548954000,475
367028660,475
367187080,475
316016072,475
367131000,475
338176509,475
319591000,475
338384468,475
338429657,475
338132152,475
367666960,475
338429944,475
368037080,475
636014996,475
367663610,475
338087003,475
338330738,475
235116535,475
367392000,475
368319920,475
636019167,475
241326000,475
477057700,475
373663000,475
367307820,475
316001251,475
440202000,475
352514000,475
235076274,475
368300420,474
636021170,474
477307800,474
338120056,474
367078040,474
367462350,474
367782040,474
538071966,474
338328882,474
367629050,474
477476200,474
368366950,474
366206000,474
372592000,474
305955000,474
538010620,474
368126610,474
338444952,474
367396110,474
255801370,474
367708480,474
538010428,474
368183750,474
338404188,474
636013651,474
353997000,474
368087000,474
367056642,474
368200120,474
334978000,474
636019968,474
356509000,474
338383494,473
566577000,473
367593340,473
338364594,473
316005305,473
338229042,473
366231000,473
368202320,473
367675280,473
232024772,473
366990040,473
373680000,473
338452362,473
368174690,473
241455000,473
338340881,473
368652000,473
338345831,473
368281000,473
338384678,473
316035873,473
368357750,473
367789830,473
241079000,473
338400788,473
368053970,473
241574000,473
368157590,473
367456830,473
636020909,473
563172100,473
338306963,473
367067960,473
367541350,473
368023560,473
368132990,473
338224048,473
368088610,473
563221800,473
257615000,473
367622080,473
538009847,473
338926409,473
367548870,473
368364370,473
367361960,472
367155310,472
244117000,472
538090642,472
369202000,472
366670000,472
368129810,472
209451000,472
367715880,472
215873000,472
367331070,472
338382000,472
366939000,472
366943970,472
367398940,472
338383654,472
367030060,472
339846000,472
368001590,472
338335993,472
367589010,472
368233090,472
518728000,472
636023121,472
368256960,472
477286200,472
477066200,472
367391830,472
368364850,472
367656110,472
308371000,472
338651000,472
368182420,472
368059450,472
338434516,472
367662110,472
367772970,472
538011197,472
367778180,472
367381930,472
338203000,472
338500921,472
352003540,472
538071076,472
374512000,472
368218180,472
352003256,472
368156280,472
563113600,472
367775370,471
368012830,471
311003600,471
338193455,471
367543860,471
367516350,471
367585850,471
367440830,471
366614000,471
370350000,471
538090614,471
338093335,471
367766000,471
538010445,471
368155360,471
368304370,471
338353157,471
244457000,471
338160804,471
303422000,471
338304847,471
367782450,471
368103410,471
338188324,471
338312883,471
366992010,471
367508060,471
367647060,471
368371290,471
367047120,471
366605000,471
367755410,471
368070780,471
367626110,471
368278360,471
563056500,471
440249000,471
368157410,471
368194070,471
367659780,471
368321330,471
367759510,471
338368401,471
636021569,471
319120500,471
357875000,471
636019842,471
368149280,471
352001920,471
255806502,471
338400236,471
367343000,471
367605910,471
366894000,470
367323540,470
372213000,470
405000340,470
316018031,470
338443000,470
368035140,470
338429084,470
368041030,470
338300347,470
636018144,470
366584000,470
356958000,470
367677960,470
368078580,470
352426000,470
308397000,470
367615660,470
367415090,470
367733950,470
305102000,470
338997000,470
338926418,470
303668000,470
338734000,470
367003760,470
636017073,470
319155000,470
356701000,470
338135013,470
368989000,470
367139970,470
564204000,470
366941850,470
368134130,470
369077000,470
367721220,470
338171393,470
366951110,470
366826930,470
319009300,469
368354880,469
338033000,469
366904000,469
338491414,469
636016487,469
338311653,469
319040200,469
367585740,469
304010618,469
576067000,469
319290000,469
368189210,469
368040980,469
368077460,469
338306259,469
538009886,469
636016949,469
338118737,469
366933730,469
538003446,469
211384270,469
338339156,469
368180630,469
538006153,469
366592000,469
366102000,469
338430168,469
232044382,469
338180581,469
368305410,469
349970764,469
367668180,469
368113880,469
338324845,469
366982190,469
367541760,469
368002620,469
367506240,469
367851000,469
372205000,469
366993620,469
378353000,469
338078811,469
366998830,469
319000001,469
338219000,469
367388660,469
367754820,469
367726390,469
369235000,469
368060490,469
368922000,469
368194460,469
370209000,469
563004500,469
367763260,469
368054630,469
374233000,468
338462799,468
368341690,468
368304220,468
477271400,468
368122000,468
338424356,468
311001023,468
367336380,468
338484427,468
338488379,468
368125240,468
338364847,468
367183360,468
351600000,468
368027190,468
367748350,468
368311910,468
339375000,468
368485000,468
367451770,468
248043000,468
374266000,468
368316550,468
338434478,468
538008318,468
366991420,468
338371093,468
636092911,468
368290490,468
367795110,468
366938840,468
367523880,468
366939880,468
338310323,468
538071227,468
366793000,468
366947250,468
338443998,468
338426709,468
367578830,468
367757990,468
366606000,468
477706700,468
367334290,468
368019280,468
368019350,468
367737750,468
368092290,467
367255000,467
368105140,467
368031310,467
368092380,467
368168040,467
368241380,467
338510406,467
368157150,467
538009057,467
368239330,467
368173080,467
338926426,467
477587000,467
368143960,467
367535540,467
338456187,467
636093023,467
367498220,467
367479170,467
368144540,467
338239883,467
368145650,467
366608000,467
368297830,467
368001440,467
229677000,467
357074000,467
368121060,467
338353167,467
338181692,467
338405682,467
338182319,467
338357459,467
368110190,467
244170399,467
303273000,467
338365000,467
338311599,467
367016470,467
338393864,467
367788940,467
311001341,467
367180370,467
338478922,467
338443486,467
338396711,467
319155500,467
368040430,467
311000767,467
367735470,467
566644000,467
319252900,466
367732630,466
319447000,466
367550000,466
368243960,466
367039250,466
338327991,466
563053600,466
367597230,466
367368410,466
338806000,466
538005811,466
373085000,466
305767000,466
338102212,466
367453380,466
338231269,466
366888850,466
368074250,466
636021625,466
367063030,466
368006690,466
373287000,466
367783370,466
338303696,466
368178650,466
311000427,466
538005837,466
352003896,466
368351010,466
310620000,466
369970320,466
367356580,466
367128220,466
338434133,466
367320030,466
563188800,466
369322000,466
338381000,466
368069570,466
338434719,466
257478000,466
338317666,466
368232180,466
367020550,466
338010000,466
338472581,466
257226000,466
565819000,466
368274930,466
367190280,466
368176180,466
303295000,466
367089490,466
367767510,466
357456000,466
311538000,466
319088500,466
367084080,466
368362240,466
367315220,465
367505580,465
636016708,465
538071552,465
368236960,465
368127260,465
338055000,465
228432800,465
368335430,465
338477739,465
367788580,465
368073320,465
367091540,465
636019985,465
311001488,465
367527270,465
367513190,465
209016000,465
338495677,465
367602360,465
338352302,465
368142210,465
538007473,465
368102710,465
538071251,465
563145400,465
367308350,465
367303320,465
338369055,465
367649040,465
366853410,465
367118980,465
244283000,465
367300990,465
338398166,465
368169820,465
538008070,465
367397450,465
367677830,465
367397430,465
477931200,465
366779420,465
369970503,465
338392562,465
367720410,464
367562680,464
311050300,464
367780340,464
229955000,464
368281980,464
368836000,464
563616000,464
366341000,464
368266080,464
368138010,464
316054957,464
338132851,464
366956290,464
316048673,464
367519490,464
210261000,464
366946000,464
636024212,464
338451771,464
338169995,464
338021589,464
368167570,464
367793080,464
338432704,464
319247500,464
368365270,464
367045150,464
338302029,464
563197300,464
367570060,464
368165210,464
338926428,464
368205810,464
636018664,464
367432710,464
368222160,464
367527750,464
368035410,464
367417740,464
255806206,464
367741020,464
338432542,464
367120740,464
538010252,464
319199300,464
368255870,464
368057320,464
367686680,464
367540040,464
352003659,464
354462000,464
367581180,464
538070201,464
368669000,464
368150670,464
367691040,464
367370000,464
367777950,463
338493781,463
367546320,463
538003893,463
338457199,463
366787440,463
366921290,463
338438683,463
338495205,463
367686920,463
368226890,463
367574340,463
477407100,463
368222710,463
319720000,463
367061610,463
368257390,463
477189300,463
367730450,463
368306070,463
367790660,463
477681500,463
369970000,463
367707490,463
338114869,463
367599750,463
367638240,463
367097050,463
366904930,463
338145264,463
316034138,463
367127050,463
319590000,463
319717000,463
338252326,463
368142180,463
367450320,463
338382414,463
368062270,463
303829003,463
367328540,463
367425210,463
338333348,463
368141670,463
205392110,463
538010361,463
338404684,463
368058090,463
235007200,463
368164340,463
367495520,463
368068980,463
563080700,463
367433790,463
303945000,463
368035840,463
369387000,462
368009790,462
367750000,462
367370770,462
368084630,462
303882000,462
368010440,462
367747980,462
367303910,462
367031580,462
338434584,462
368233430,462
367016870,462
367301080,462
338206764,462
367796730,462
258741000,462
367499090,462
368926261,462
368185880,462
368090290,462
257156000,462
367300490,462
367662440,462
367007870,462
367008520,462
219598000,462
368087070,462
319237000,462
338327705,462
338212269,462
367588010,462
367500120,462
338469075,462
228154790,462
368364240,462
538071187,462
366235000,462
352001518,462
244615929,462
319132500,462
367105190,462
538070463,462
338325025,462
339896000,462
368207410,462
367181040,462
338434061,462
538008224,462
339289000,462
367572040,462
352978194,462
319003900,462
538007875,462
367792230,462
367774870,462
311053100,462
367639170,462
368300190,462
367389640,462
538010185,462
316013215,462
319226200,462
338405596,462
319080000,462
338376911,461
368232020,461
566603000,461
368359910,461
367314810,461
338471057,461
212370000,461
368166250,461
368274360,461
338433473,461
338495417,461
368182240,461
368282780,461
367740670,461
538007466,461
316003677,461
338468217,461
477023200,461
368004350,461
311000458,461
367352630,461
367120020,461
367706360,461
367094530,461
368250640,461
338194145,461
367653830,461
316006484,461
367791010,461
367174580,461
338191832,461
368126450,461
338098058,461
367179680,461
368187540,461
367534910,461
338408149,461
368153130,461
538010018,461
367447060,461
369912000,461
538003490,461
367783480,461
338451316,461
338401208,461
368100920,461
215125000,461
366841000,461
368926530,461
367614930,461
338440865,461
338319127,461
368002440,460
367741770,460
369970323,460
319201000,460
368295240,460
367725980,460
378112381,460
319252100,460
367390470,460
338468237,460
367530080,460
368358510,460
419745000,460
367190000,460
538003886,460
366972910,460
367456760,460
368211580,460
368187880,460
338332706,460
368270970,460
368287070,460
538011056,460
368122690,460
367678460,460
368349640,460
338196336,460
368183020,460
338491601,460
636017765,460
338463903,460
636015706,460
548743000,460
367692120,460
338899000,460
338507014,460
367626250,460
368088770,460
367592590,460
366698000,460
338459932,460
367152940,460
367120570,460
368162070,460
368275560,460
368206120,460
368477000,460
368221170,460
316035879,460
368222460,460
338097196,460
367789770,459
368699000,459
338460872,459
368060960,459
338308619,459
378113359,459
367157110,459
367301110,459
369887000,459
367366950,459
316014550,459
368490000,459
371598000,459
377907000,459
368277350,459
563194900,459
368173000,459
367766750,459
338440211,459
368080090,459
368023510,459
368079780,459
246662000,459
368329080,459
367446870,459
366990570,459
367513150,459
338363744,459
367513120,459
477931100,459
636022913,459
250006487,459
366749640,459
368093180,459
338120363,459
564702000,459
368331640,459
338121000,459
257326000,459
356964000,459
338502593,459
368315660,459
368314950,459
338105288,459
368075650,459
311052200,459
366008800,459
319146700,459
338393064,459
311001136,459
367070510,459
367520350,459
338107575,459
367323230,459
538010226,458
636017331,458
367170330,458
368305230,458
368100180,458
366903920,458
367771820,458
368103590,458
503686600,458
247434700,458
367445260,458
338327527,458
538071061,458
368197240,458
338190073,458
368305570,458
367161930,458
368246530,458
368209950,458
367381060,458
367662190,458
368348830,458
319010600,458
338310088,458
338310082,458
367616090,458
338392787,458
367738430,458
366933650,458
367606840,458
338336045,458
338326771,458
338386214,458
368178590,458
319279200,458
338135376,458
367422660,458
338318433,458
368331610,458
538004181,458
368058040,458
636020538,458
368012290,458
538007149,458
338123987,458
338491005,458
352002703,457
232049063,457
338303739,457
338180307,457
236112344,457
338304694,457
367633650,457
636021410,457
538010733,457
352001882,457
368123250,457
636020916,457
367524680,457
368251670,457
368089050,457
338229401,457
319032000,457
367071220,457
367581960,457
367387220,457
304941000,457
338383839,457
367032830,457
338143743,457
368159780,457
338496391,457
371581000,457
367669480,457
367666850,457
225985794,457
367146590,457
367440840,457
338092932,457
367371410,457
369970310,457
338361534,457
369970763,457
367419590,457
366961860,457
338301179,457
440308000,457
377911000,457
368027510,457
538006810,457
338434927,457
377193000,457
338425359,457
538008975,457
368025630,457
368009890,457
338187319,456
368089060,456
367022930,456
338356844,456
319182900,456
367314530,456
538071200,456
366967620,456
338181736,456
368615000,456
368271530,456
368212950,456
366999640,456
311000225,456
367593760,456
367006770,456
636091554,456
671299100,456
367421730,456
338000000,456
368281470,456
338393716,456
636092892,456
368003290,456
305462000,456
368225950,456
338217187,456
367683810,456
338216593,456
367754620,456
338445071,456
367002000,456
367070360,456
368186070,456
367073840,456
338437294,456
369970030,456
319929000,456
338339631,456
257801000,456
368283210,456
368179810,456
338237113,456
368176530,456
477266700,456
338325676,456
338240611,456
538006809,456
367717160,456
338349786,456
368345640,456
368255280,456
368152190,456
368204540,456
636022337,455
367781480,455
538008712,455
338090732,455
319031100,455
338445012,455
368271030,455
367168340,455
368049690,455
368142310,455
366938510,455
338454922,455
368082070,455
338239291,455
538007621,455
636017305,455
338344694,455
368316730,455
372734000,455
563170300,455
353456000,455
368336610,455
338210856,455
338369216,455
367712630,455
338236039,455
636091030,455
563096200,455
477231800,455
368255780,455
338208631,455
378111826,455
577030000,455
367796670,455
338245285,455
368020980,455
368277550,455
367638000,455
338239875,455
338126934,455
636017829,455
366967490,455
368107000,455
368039870,455
316003447,455
373060000,455
366929330,455
338413735,455
367782320,455
338311787,455
339312000,455
538007908,455
219028425,455
366798950,455
367767350,454
367321330,454
378112853,454
368164750,454
367715760,454
367063060,454
538071978,454
368350120,454
368144140,454
338452663,454
338406654,454
319264400,454
367440810,454
366937150,454
367071960,454
368230820,454
368329539,454
368173220,454
367610670,454
367667160,454
378150000,454
338326777,454
338397642,454
538070338,454
338401888,454
338265000,454
367693040,454
563169300,454
338030205,454
338468069,454
338028795,454
368030220,454
338491662,454
367701380,454
368358910,454
339002000,454
338460647,454
538070059,454
338248767,454
366999711,454
369305000,454
367788590,453
338153643,453
368905000,453
367523270,453
367445220,453
368205740,453
367080090,453
338494079,453
338167897,453
319094000,453
338095972,453
338401453,453
319108400,453
338340666,453
368130910,453
366999936,453
374402000,453
338335982,453
368640000,453
338406322,453
368299010,453
368172540,453
368327840,453
338408812,453
368134930,453
368220710,453
368043910,453
366998080,453
368101450,453
367832000,453
338446078,453
367770220,453
367101540,453
366896730,453
368192510,453
338107324,453
368248350,453
366988340,453
319018500,453
338213063,453
368107760,453
338167606,453
338397869,453
367761160,453
368307080,453
671960000,453
319250000,453
338468694,453
367775280,453
367422430,453
367588270,453
338105807,453
370485000,453
367011830,453
368203320,452
338109401,452
338472563,452
366959840,452
368309590,452
368137450,452
338456035,452
368138720,452
367348670,452
227109660,452
338394737,452
338354176,452
368295350,452
338425617,452
338189814,452
563025600,452
368202610,452
367071470,452
338350431,452
367195440,452
338408147,452
368103030,452
338252832,452
368324320,452
368082370,452
367434020,452
377117000,452
368224010,452
338377196,452
368133970,452
368080980,452
338491703,452
338333008,452
338384323,452
368270610,452
368076480,452
338442801,452
368092620,452
367511240,452
538071672,452
369970316,452
368226270,452
368196830,452
375902000,452
368157320,452
367437730,452
338414754,452
366596000,451
368023090,451
366688000,451
375939000,451
367792040,451
368949000,451
311001279,451
503628600,451
368061020,451
368343820,451
338397949,451
636093141,451
368209870,451
538009091,451
368368920,451
368110110,451
338137048,451
338229211,451
371705000,451
368369820,451
366986230,451
368248910,451
338416401,451
538007194,451
319039300,451
413349820,451
367003540,451
319064400,451
305343000,451
368318680,451
367789620,451
338344375,451
338389978,451
338239893,451
232039677,451
338242249,451
368092490,451
368211650,451
368203210,451
367401940,451
319009600,451
367366960,451
338134678,451
368132510,450
368250970,450
376406000,450
338057521,450
538070427,450
368023480,450
368110940,450
367787720,450
538010526,450
338402992,450
367588410,450
338208122,450
367010430,450
338377616,450
368265640,450
368181840,450
368358930,450
338364358,450
367766210,450
338227896,450
367164660,450
367447140,450
368327070,450
338475229,450
368133460,450
338188541,450
368179120,450
377618000,450
338352753,450
367646810,450
338128906,450
636013814,450
319043700,450
319910000,450
338310611,450
367538590,450
367648440,450
366991421,450
367780530,450
303829040,450
338319509,450
368208720,450
367626440,450
338382581,450
338187943,450
367778560,450
367728660,450
368288170,450
368163880,450
338237143,449
368331710,449
368136480,449
367580620,449
338497255,449
367433780,449
338482434,449
319212200,449
368281060,449
366931310,449
338422742,449
338430164,449
339736000,449
338491932,449
303879000,449
338472126,449
368369890,449
538006490,449
338310494,449
368168430,449
338360808,449
368011760,449
303408000,449
368327450,449
338211341,449
367604540,449
367521460,449
338494694,449
368153430,449
368311510,449
338322294,449
636014128,449
368155470,449
367749030,449
368059510,449
338060421,449
368054210,449
235060176,449
368257670,449
367635360,449
367367270,449
352002459,449
316025667,449
538010258,449
354455000,449
667001610,449
232053353,449
367349860,449
338145465,449
538071282,449
338049016,448
369566000,448
367086910,448
368167980,448
338237693,448
234612057,448
338133288,448
368099210,448
241659000,448
368363730,448
338232593,448
366999528,448
368102090,448
338446886,448
367647210,448
368213250,448
338483048,448
367339240,448
366885000,448
368173680,448
319202600,448
241714000,448
338356013,448
338338944,448
367602350,448
368926693,448
368251760,448
338320435,448
366935830,448
338145626,448
338352833,448
368078650,448
367174750,448
338954000,448
338105417,448
368235480,448
338328494,448
369461000,448
368027050,448
367314420,448
369021000,448
367796560,448
338407424,448
368284540,448
338151046,448
367430020,448
219412000,448
338367672,448
368119960,448
368369610,448
369990301,448
367483640,448
232051289,448
368291260,448
368221190,448
369970315,447
369130000,447
366933260,447
368178440,447
338142701,447
636010032,447
338481341,447
368255960,447
367788010,447
368216940,447
368060690,447
338199622,447
367146720,447
367535780,447
338476211,447
338392047,447
636018610,447
368052650,447
338468255,447
368337550,447
367151140,447
368265220,447
338490485,447
338373595,447
338183093,447
257514000,447
367753570,447
366979030,447
338101508,447
368732000,447
338216539,447
368181130,447
316001821,447
368055190,447
368888000,447
338535000,447
367783220,447
367178390,447
368224210,447
378113095,447
367519270,447
368353560,447
368279880,447
367480180,447
338463678,447
338205428,447
368013080,446
368209710,446
209136000,446
368370130,446
368299990,446
338396318,446
367639580,446
368361920,446
367841000,446
368159360,446
369822000,446
366963430,446
368247210,446
211723180,446
366598000,446
367426480,446
367692730,446
367393390,446
338495443,446
367626760,446
367360260,446
368352360,446
367610920,446
367371830,446
368062970,446
338380052,446
368259840,446
338501344,446
367518270,446
338329372,446
353035000,446
338164158,446
338300061,446
338094443,446
367788190,446
338172029,446
338107395,446
367743990,446
311000421,446
366193000,446
367595180,446
367515670,446
538007837,446
338627000,446
368281650,446
368113760,446
368004000,446
338367006,446
367482310,446
367439590,446
338431916,446
338216726,446
368817000,446
368310140,446
367541370,446
319869000,446
338333186,446
338472528,446
339208000,446
368256560,446
339202000,446
368165690,445
368221150,445
368221140,445
339822000,445
338354773,445
366708180,445
338386000,445
368200860,445
367445660,445
368198480,445
338205061,445
368058870,445
368052510,445
367797070,445
368284510,445
338404746,445
338462243,445
368081240,445
367595840,445
368926068,445
366968000,445
338407581,445
367003990,445
368247220,445
368170920,445
338238828,445
319147700,445
228458900,445
368286880,445
338383504,445
316051505,445
367733580,445
319048700,445
366999275,445
368179710,445
477978700,445
477166600,445
338416382,445
368272230,445
367421890,445
232015717,445
367071510,445
319118300,445
338010967,445
367538680,445
338426476,445
338108022,445
538005535,445
368374930,445
368272380,445
367413040,445
367515090,445
338223617,445
367487130,444
368239580,444
367658110,444
368173850,444
368342360,444
338364133,444
367688470,444
366999627,444
366999506,444
338321098,444
338192559,444
232047465,444
311001393,444
368167250,444
338305041,444
319425000,444
636022194,444
311001087,444
368330360,444
338427934,444
319073200,444
367062870,444
367780940,444
338182285,444
338254386,444
316020188,444
338426815,444
367544950,444
338193507,444
368284160,444
367517410,444
368246410,444
368018050,444
367590250,444
368054610,444
368359070,444
338471259,444
338467397,444
338430879,444
366844110,444
338331664,444
338397313,444
339544000,444
339979000,444
338235931,444
367673210,444
366920620,444
368333410,444
368053480,444
368337780,444
367327620,444
368339570,443
368163210,443
368229440,443
368024110,443
338143254,443
338496942,443
352003385,443
538006862,443
366984310,443
338444597,443
338443183,443
368361170,443
338225719,443
368034310,443
303545000,443
338424134,443
367361970,443
368138270,443
338479479,443
338180096,443
366652000,443
368172970,443
338117512,443
368265670,443
368926074,443
257482000,443
339095000,443
338072235,443
368301160,443
368021110,443
338395155,443
338468663,443
367304990,443
338215875,443
212836000,443
368182220,443
368004870,443
338060011,443
338463013,443
338158602,443
368183730,442
369970029,442
368051820,442
338176324,442
338348669,442
367768670,442
368087950,442
338469876,442
431315000,442
311001503,442
368165970,442
368299540,442
367466730,442
311000460,442
368291950,442
338434362,442
339071000,442
367114740,442
636011527,442
367531690,442
367650610,442
319197600,442
368371930,442
367114070,442
368276950,442
256198000,442
366827010,442
367438910,442
366785930,442
338211402,442
368325340,442
369970592,442
338430945,442
368146020,442
338193875,442
338350842,442
338087487,442
368236750,442
518998633,442
338424252,442
316049345,442
366925000,442
338433762,442
368178130,442
368044970,442
316041032,442
367190250,442
338368994,442
367591530,442
367269000,442
368206140,442
368054430,442
369604000,442
367127560,442
338320395,442
338451063,441
338440133,441
368118790,441
339963000,441
319194000,441
538005061,441
319202100,441
368052150,441
338400892,441
368144650,441
368233560,441
338323859,441
369098000,441
367320000,441
366932980,441
338330783,441
368110840,441
583071265,441
338153661,441
338356827,441
338331213,441
338421941,441
368148410,441
338432923,441
338115691,441
368138590,441
368099770,441
368238710,441
338410294,441
368114780,441
368214170,441
338330016,441
319103100,441
368341630,441
368320160,441
338973000,441
368263040,441
338342576,441
338190229,441
338475425,441
368318050,441
367588290,441
338140925,441
366760680,441
538070998,441
244630481,441
367716560,441
338423433,441
338303904,441
368083260,441
366963980,440
367812300,440
338074638,440
369143000,440
367669070,440
367791140,440
211781740,440
367678650,440
538005201,440
367671820,440
368192090,440
357520610,440
338338321,440
367416890,440
367549830,440
338124433,440
563186400,440
338420853,440
338396377,440
366831470,440
352001328,440
338429032,440
366766530,440
368351020,440
338145907,440
338406534,440
368207550,440
338327871,440
338103616,440
368214290,440
369493304,440
368190460,440
338416689,440
338194593,440
339809000,440
338310285,440
368019580,440
368029080,440
339911000,440
368136870,440
255806166,440
538071648,440
367482360,440
367345330,440
338352812,440
338427785,440
368018870,440
367542970,440
368339870,440
338236134,440
368137380,440
367445270,440
338193646,440
367392020,440
368105270,440
367748640,439
368315850,439
338189257,439
338201719,439
368315870,439
338488331,439
368168920,439
368230510,439
338384787,439
367439830,439
338337606,439
367678820,439
316008556,439
339464000,439
338034287,439
338483624,439
338498782,439
368237230,439
367165140,439
368220020,439
367609110,439
368124370,439
338428001,439
338107461,439
366948820,439
232012089,439
338428928,439
367402210,439
368121250,439
367435730,439
338174473,439
367318670,439
367568350,439
338921000,439
367403020,439
338227423,439
338142951,439
316033906,439
368468000,439
369080000,439
367793450,439
338496255,439
338227743,439
338365139,439
338327997,439
338318605,439
367005070,439
338314194,439
367684410,439
366951720,439
366874960,439
338305462,439
367318950,438
368229230,438
636015522,438
367141870,438
366546420,438
366999614,438
636019764,438
338407849,438
368244070,438
368117570,438
316039267,438
338444995,438
368277660,438
565671000,438
338442772,438
368116690,438
367027560,438
367370960,438
255806490,438
345070381,438
368181550,438
338399136,438
368242860,438
338461503,438
338241782,438
338493747,438
563214300,438
368072920,438
338301338,438
338243697,438
538006745,438
368375020,438
368108660,438
338467444,438
367741970,438
338352152,438
319246100,438
319233300,438
367391709,438
367610960,438
338407582,438
367862000,438
366984440,438
367061980,438
368281560,438
368015490,437
338339637,437
368043490,437
368209310,437
338472426,437
368276010,437
338119178,437
338419452,437
368149240,437
366937120,437
367453940,437
366999642,437
368120430,437
367783890,437
338012437,437
367642960,437
368334350,437
368170290,437
368198110,437
338470266,437
368116250,437
368330130,437
368164150,437
368180740,437
368295780,437
368352750,437
367184740,437
366999507,437
367717450,437
229869000,437
636093174,437
367004000,437
368182060,437
212326000,437
366951590,437
338148708,437
368242320,437
367606480,437
367175180,437
338338771,437
338444833,437
338173126,437
376132000,437
338090184,437
338219846,437
367331830,437
367506730,437
351783000,437
338406666,437
338399102,437
366824740,437
367721520,437
368291190,437
338123456,437
367409110,437
366902260,436
338243827,436
338381275,436
368347850,436
367694520,436
338074172,436
338083567,436
538010466,436
303195000,436
338170185,436
367189890,436
366979370,436
368111230,436
338187318,436
232006022,436
249390000,436
338335864,436
367092720,436
369914068,436
368200010,436
368360030,436
311001256,436
338396013,436
319191100,436
367052950,436
338241458,436
366933870,436
368033050,436
367104940,436
368926299,436
338347484,436
368926298,436
367534990,436
368114050,436
369970518,436
338320639,436
227954510,436
367575610,436
367304020,436
367492660,436
538007747,436
368133590,436
338310941,436
319026600,436
538003439,436
368926485,436
368515000,436
338302249,436
338109287,436
367732710,436
338188721,436
367733930,436
338055631,435
367733210,435
338329217,435
538071402,435
338922000,435
338318878,435
367161620,435
367067640,435
316037141,435
366999411,435
368342660,435
338227318,435
368353060,435
368125020,435
367647910,435
368596000,435
368250550,435
338244313,435
303366000,435
338421874,435
319259900,435
367585940,435
368887000,435
367166820,435
367739310,435
367327910,435
368367350,435
319259500,435
338192797,435
367569640,435
368270840,435
367194000,435
316003123,435
345146020,435
338088868,435
368146860,435
368037150,435
367677260,435
368371690,435
338310228,435
338497061,435
338467881,435
244376325,435
338370391,435
368201060,435
338361373,435
368222350,435
366824910,435
368095130,435
338092678,435
368231920,435
367531350,434
368033680,434
338926420,434
368278040,434
369603000,434
338496913,434
367721230,434
368114860,434
538071918,434
368180330,434
339000055,434
338208918,434
368295310,434
367506440,434
338230964,434
338500056,434
368021070,434
338127792,434
368230760,434
316021369,434
368066410,434
367671410,434
319002600,434
367351980,434
367877000,434
368212790,434
367120170,434
338146312,434
338314344,434
338190965,434
367420820,434
367650950,434
319128000,434
338511000,434
319113700,434
368158550,434
538007200,434
538005616,434
368056730,434
368213130,434
319100200,434
338156016,434
368240680,434
367460470,434
367129550,434
367781670,434
368263570,434
368116390,434
378001286,434
338493808,434
368124090,434
367797950,434
566704000,434
339961000,434
367696990,433
367645850,433
368236240,433
338387222,433
366549000,433
368295880,433
368350860,433
368161150,433
367764000,433
338483784,433
338385639,433
338313368,433
373819000,433
366981840,433
338308018,433
338400219,433
368782000,433
305669000,433
338398884,433
366961560,433
368138740,433
338084088,433
368090950,433
338488648,433
338506882,433
338470633,433
368103360,433
339773000,433
368209810,433
367123490,433
338459387,433
368185440,433
368020240,433
368234770,433
338324664,433
368222870,433
338201659,433
366857640,433
338188876,433
367152730,433
367157470,433
368187430,433
367600580,433
367397320,433
368153730,433
368071170,433
775993878,433
665832666,433
368107960,433
338332792,433
316029868,433
269114160,433
369970258,433
319179400,433
338495737,433
368338520,433
338397000,433
368050540,433
368216850,433
368146340,433
338421599,433
367800100,433
368151370,432
367742840,432
338186589,432
368728000,432
368333530,432
366954430,432
368203290,432
338401351,432
338440371,432
339378000,432
339428000,432
368267050,432
367503380,432
371234567,432
368029290,432
368046190,432
367713680,432
338003759,432
338212943,432
338388816,432
338155734,432
233933000,432
367054050,432
368182570,432
338193516,432
368227440,432
367482540,432
366998680,432
368289040,432
636092874,432
338547000,432
367700790,432
338085868,432
367167740,432
338127553,432
367634170,432
368167460,432
368049630,432
367639720,432
338345406,432
227754620,432
368064030,432
368281730,432
338171551,432
338377954,432
368316270,432
368355880,432
338473664,432
316034743,432
367602750,432
368000320,432
368315250,432
367639520,432
339141000,431
338085738,431
338149002,431
316022999,431
338083581,431
367648120,431
338357999,431
368236480,431
636019560,431
368330120,431
368304390,431
368116960,431
235092459,431
338366355,431
319167200,431
367094180,431
338240708,431
367999660,431
368289660,431
368368150,431
368076430,431
368169720,431
338444677,431
338375632,431
367699820,431
367689860,431
377189000,431
338147266,431
368060080,431
338236922,431
338304133,431
338328735,431
369493387,431
368024150,431
368051040,431
368291530,431
338032969,431
368209460,431
367721260,431
338334996,431
367493990,431
338032000,431
367755430,431
338221000,431
367684980,431
367306490,431
367374140,431
367734870,431
367129610,431
338325116,430
338463194,430
338303611,430
368229380,430
366988530,430
368060780,430
368152960,430
338353279,430
368238920,430
368049620,430
368238510,430
338388697,430
368217910,430
338362117,430
367706250,430
369901000,430
367776280,430
255806182,430
338089367,430
367037740,430
319209400,430
338319661,430
367484570,430
338102933,430
366601000,430
367345870,430
367366480,430
367568420,430
369970099,430
367028480,430
367612170,430
319139900,430
368351430,430
636018824,430
338355632,430
367016030,430
338321424,430
338060203,430
367636660,430
338393998,430
367337080,430
319060900,430
367589830,430
368097290,430
367478960,430
367600870,430
367678730,430
338498039,430
368268220,430
368114320,430
366849310,430
775998172,430
367699410,429
378111668,429
367107940,429
367416660,429
319179100,429
338500946,429
368143000,429
368198760,429
338314276,429
636018267,429
367770650,429
338497182,429
338452976,429
338489874,429
368082520,429
367755350,429
368194470,429
367405670,429
338353022,429
367634290,429
368353190,429
319229600,429
338451981,429
367487560,429
538004071,429
338365208,429
367497610,429
368262130,429
367654030,429
368201170,429
367340290,429
416467000,429
368323530,429
338467107,429
338301504,429
338098337,429
338210671,429
366999471,429
368090770,429
352001125,429
316042422,429
338211588,429
338380048,429
538072123,429
367999770,429
423538100,429
368331060,429
338926425,429
368089380,429
368238130,429
303532000,429
366864850,428
338123603,428
338376494,428
338317134,428
338323408,428
339503000,428
368189380,428
368207620,428
338369463,428
367735640,428
338163208,428
368299110,428
255806204,428
338240314,428
319284800,428
368142420,428
367676540,428
319278000,428
338329531,428
368071640,428
338229709,428
338405361,428
366980180,428
367610000,428
367052000,428
338254061,428
338139535,428
367782180,428
338093057,428
338491424,428
338497094,428
538071121,428
368231210,428
367163190,428
368231730,428
367021310,428
368279990,428
367446340,428
368264380,428
368926280,428
316051559,428
367456060,428
367418460,428
367476120,428
366950740,428
368166780,428
338365518,427
366980890,427
368180010,427
338362477,427
367504290,427
511100718,427
636015834,427
368030310,427
338244338,427
366344650,427
368057380,427
367743330,427
367772690,427
368078470,427
338223698,427
368166390,427
367459580,427
338345761,427
338404673,427
368101720,427
338233021,427
366845060,427
367111050,427
370375000,427
338134471,427
338333308,427
367655240,427
368195790,427
236112562,427
367384280,427
246466000,427
368192140,427
338926427,427
368279090,427
338432448,427
338379402,427
367267000,427
338405303,427
367309970,427
338420198,427
368285720,427
368274920,426
368047160,426
338336125,426
338188319,426
319121300,426
368307290,426
368135690,426
268248800,426
368108630,426
368277450,426
338455211,426
338415195,426
367751480,426
368310310,426
378113409,426
366844760,426
366999656,426
367686740,426
368189130,426
338505283,426
232039335,426
367429320,426
367764970,426
368139030,426
368188000,426
368334330,426
338317514,426
338145135,426
367559120,426
367674860,426
367175640,426
368573000,426
338422074,426
338489833,426
369970512,426
338103693,426
338222414,426
368078810,426
338239867,426
368364820,426
367323780,426
338487504,426
338197303,426
457795000,426
338228000,426
368328720,426
538071093,426
338076155,426
367719640,426
339205000,426
873370033,425
338926431,425
368154150,425
338237886,425
368060560,425
636093289,425
339000034,425
538090644,425
338307271,425
367502810,425
338474275,425
368372340,425
368246120,425
366985000,425
366923910,425
367638110,425
338469754,425
338107037,425
338434538,425
367381750,425
367347420,425
368075090,425
338178609,425
338440532,425
249000397,425
319212900,425
368243370,425
338504167,425
338748000,425
367015620,425
367661280,425
367423310,425
368051420,425
368261230,425
367687040,425
368097610,425
338242367,425
366999917,425
338478886,425
538070459,425
367439710,425
368221430,425
226324000,425
368220840,425
368327340,425
732266226,425
366966230,425
338500128,425
367625190,425
368020260,424
367778080,424
338369093,424
368288820,424
338470086,424
368217570,424
368116150,424
368298570,424
367697560,424
338417436,424
367436230,424
338090455,424
368153070,424
636022657,424
368063880,424
538071128,424
368005000,424
367534390,424
338090803,424
368291140,424
338469801,424
373808000,424
338476528,424
338241251,424
368244880,424
316030879,424
368926317,424
338401624,424
368231760,424
338353484,424
319137700,424
338496826,424
368125170,424
338482055,424
366982000,424
367662660,424
368643000,424
368203890,424
367489820,424
367358950,424
338482034,424
368294290,424
338177667,423
338131743,423
338247984,423
368058780,423
338333789,423
367675730,423
368109920,423
368009410,423
367662790,423
367461730,423
368138320,423
366999616,423
366964380,423
367117790,423
368095720,423
338052132,423
338143134,423
367685870,423
367335930,423
316011441,423
368856000,423
367090590,423
368323350,423
369970257,423
367722920,423
319286800,423
316033399,423
368048150,423
367771280,423
368128670,423
368208970,423
338474445,423
538008470,423
366607000,423
338230859,423
368192680,423
338486629,423
338385022,423
319127100,423
368288990,423
367558150,422
563214100,422
368354820,422
338411000,422
563109900,422
338494161,422
316026464,422
319006700,422
368203780,422
369353000,422
368337920,422
338926436,422
368139470,422
319160300,422
368310030,422
367651010,422
338439478,422
367715790,422
368111840,422
367309370,422
368321530,422
338145000,422
338498665,422
367143260,422
367625230,422
368333390,422
367616980,422
319577000,422
368198630,422
368179040,422
368061640,422
368198210,422
338397465,422
369990224,422
367103710,422
211189280,422
368080890,422
367097210,422
366951000,422
368152970,422
338368678,422
367730190,422
368301880,422
319888000,422
338212482,422
338469557,422
338142000,422
338388057,422
366921080,421
338205308,421
367741210,421
338191082,421
338420546,421
319134600,421
338318412,421
338328994,421
338237356,421
367756980,421
367165920,421
338311522,421
338311884,421
338391523,421
367759780,421
367590130,421
366999979,421
338468375,421
338115483,421
368202090,421
338338006,421
368094360,421
368210460,421
367755090,421
338153665,421
368319350,421
368344140,421
368276260,421
368402000,421
368324910,421
368115350,421
338378841,421
338389944,421
319193400,421
367676070,421
367611420,421
338395565,421
338352096,421
338412656,421
235055757,421
367798060,421
338369616,421
338360423,421
338170861,421
368122910,421
368178840,421
368116790,421
338403621,420
368194260,420
338405762,420
366885040,420
368298510,420
338348342,420
367773780,420
338181008,420
338454235,420
338121713,420
316026079,420
338354435,420
538011201,420
338126674,420
338413749,420
367787790,420
367552980,420
374522000,420
235032178,420
338153809,420
368281210,420
367421660,420
338432362,420
367797960,420
227961410,420
368348910,420
368078930,420
338313469,420
366994640,420
338363966,420
338320958,420
338097655,420
338161249,420
338474328,420
368246660,420
338102003,420
338188712,420
303836000,420
338141004,420
338316979,420
368125380,420
241486000,420
538006780,420
338208108,420
366999701,420
316031352,420
366999509,420
368186160,420
368010530,419
338480349,419
367161610,419
338100018,419
338392185,419
368335180,419
367590890,419
368343940,419
338841095,419
378113232,419
338343583,419
368281090,419
367621850,419
368228920,419
368080060,419
368339350,419
338326628,419
368038550,419
368247480,419
338443443,419
329026740,419
368053180,419
368093850,419
378114258,419
338425851,419
368048380,419
368731000,419
368063640,419
368185530,419
338403926,419
366892470,419
368372740,419
367741230,419
316003285,419
338142968,419
338216333,418
368311850,418
368223450,418
367311560,418
368181270,418
338198348,418
338444103,418
368250450,418
367373650,418
338314329,418
338492434,418
367631840,418
368008480,418
636017070,418
338244375,418
338369169,418
563091900,418
366999557,418
368122520,418
367665130,418
368337950,418
338461067,418
367757660,418
316048309,418
368232270,418
338060378,418
366773480,418
367059740,418
339000035,418
338437066,418
368145940,418
368154560,418
368063520,418
368106960,418
368211430,418
338227311,418
338141808,418
368077410,418
367409750,418
367098010,418
338473616,417
338433636,417
368340020,417
367786550,417
338502895,417
341088001,417
367620550,417
338426924,417
366603000,417
338159814,417
368295770,417
338244379,417
368130080,417
369958000,417
368332040,417
368266570,417
338471615,417
367553680,417
259982000,417
368112260,417
338301394,417
367638040,417
338208423,417
338473288,417
338110425,417
368236320,417
338427889,417
338502169,417
636021124,417
319143600,417
368287490,417
338483202,417
378114101,417
227925030,417
368060350,417
338367624,417
367710950,417
339186000,417
338489635,417
368061780,417
368347770,417
368247550,417
338379767,417
338181063,417
368344630,417
338182811,417
367750990,417
338452568,417
367013050,417
368246230,417
368282860,417
338124913,417
368286260,417
367605870,416
338174817,416
338148229,416
366616260,416
368286080,416
338165737,416
368286220,416
775992195,416
338145686,416
338136048,416
338300496,416
367557690,416
338301392,416
367732440,416
338119194,416
338473494,416
368069560,416
338443188,416
367704130,416
367028910,416
338210142,416
368170130,416
265816730,416
338497261,416
378111953,416
338433185,416
367297000,416
338370947,416
367305860,416
338181104,416
367403980,416
367555000,416
368204230,416
338426965,416
368201830,416
338457375,416
367139980,415
308017000,415
339291000,415
338351509,415
366902360,415
368222910,415
368223870,415
338360952,415
366767150,415
368141050,415
367788410,415
338467289,415
339053000,415
368260850,415
366749490,415
367003880,415
367462550,415
368334180,415
338427576,415
367350360,415
368235080,415
338202988,415
366999658,415
366961480,415
319793000,415
338223571,415
319121400,415
368209860,415
338300891,415
368171550,415
338446411,415
338397774,415
338142024,415
367614790,415
367637640,415
316002588,415
368151450,415
338477075,415
613030999,415
338358749,415
319171700,415
367712580,415
367602150,415
338503254,414
338461515,414
367592540,414
369200000,414
338434144,414
368331740,414
368284030,414
316044556,414
368144150,414
368172160,414
563759000,414
319226300,414
338134983,414
366840560,414
338032666,414
338394578,414
338493622,414
303436000,414
319160000,414
338398179,414
368243510,414
338192181,414
366001000,414
368010090,414
338254905,414
338431927,414
368315480,414
229000218,414
338324193,414
366977170,414
366958650,414
367602990,414
368317530,414
368116190,414
338181563,414
338120418,414
368257160,414
338177714,414
338349347,414
338995000,414
368228430,414
338344461,414
368320250,414
366999651,413
338105267,413
563188600,413
367683000,413
338259000,413
338150482,413
368063390,413
338230858,413
368262280,413
368357680,413
338229686,413
338431514,413
564230000,413
368279160,413
368086830,413
338234443,413
338369124,413
338227165,413
319752000,413
368315140,413
319176500,413
338253957,413
338485386,413
368310470,413
368352050,413
338225447,413
338483019,413
376592000,413
338455077,413
368258680,413
368129260,413
338326741,413
367757260,413
316026581,413
367750250,413
368257440,413
367464870,413
316003702,413
338205376,413
258005780,413
338372439,413
367762930,413
368058250,413
368179240,412
367176310,412
366999977,412
367643990,412
367182290,412
338214015,412
368030950,412
338106036,412
244535000,412
367034170,412
338479657,412
367181280,412
338186487,412
338360324,412
339945000,412
368349980,412
368350810,412
338387993,412
319235900,412
338086647,412
378113372,412
366902460,412
368236890,412
338376653,412
368210000,412
338085000,412
368360680,412
338303383,412
366999523,412
368045740,412
368291390,412
369970312,412
368316140,412
338207443,412
338344822,412
368150190,412
339087000,412
368060940,412
367480130,412
338172448,411
338155473,411
538071355,411
366886630,411
368146890,411
538071821,411
338400031,411
338468595,411
367721130,411
368196020,411
367713370,411
367467940,411
338356215,411
338429153,411
338435731,411
368295810,411
338478893,411
311001057,411
366803370,411
338477713,411
367089620,411
368068970,411
368287480,411
367711290,411
366991412,411
368234920,411
368088240,411
374773000,411
367506190,411
338493506,411
368225360,411
368083620,411
419001015,411
367643150,411
339232000,411
367670980,411
338375683,411
338338405,411
338166003,411
338412701,411
368283530,411
338483128,411
368159620,410
338416612,410
367485260,410
368246220,410
367457590,410
319235400,410
235116332,410
338495756,410
338071811,410
368328940,410
367655260,410
338044878,410
366988310,410
368268070,410
367761720,410
367649070,410
338169132,410
338399202,410
367559940,410
368033250,410
367780190,410
338125224,410
338331047,410
338498896,410
366999983,410
368032410,410
338468247,410
366788850,410
338335066,410
367721910,410
338385765,410
368221650,410
338163312,410
338358224,410
366934000,410
338106045,410
338478788,410
368041380,410
338414314,410
368044020,410
368329070,410
338395317,410
338432857,409
368926491,409
338346009,409
338102229,409
232055239,409
338383258,409
367771720,409
338459316,409
368355210,409
338226898,409
367371520,409
368223930,409
368273050,409
368209360,409
368043920,409
367726430,409
368349740,409
319258900,409
338403611,409
367649750,409
338470664,409
339207000,409
338406269,409
367423000,409
367004580,409
368090690,409
368109810,409
338444213,409
538005391,409
368061410,409
338476423,409
303348100,409
367522440,409
338408851,409
338439012,409
368343090,409
338494163,409
563119100,409
338046000,409
366874160,408
338415000,408
378111294,408
338151638,408
338432501,408
367362120,408
338417365,408
338154757,408
368187970,408
338149263,408
338497302,408
338141612,408
368137160,408
367638060,408
367716710,408
338361406,408
368265160,408
367626860,408
338362777,408
636017196,408
338505547,408
368237970,408
368338190,408
368230140,408
366696440,408
368097460,408
338376092,408
338474218,408
241593000,408
338229881,408
338156701,408
338401497,408
368171420,408
368306610,408
368258940,408
338350157,408
355068000,408
360359580,408
366919640,408
636020825,408
338456877,408
368050390,408
366967860,408
538003631,407
338133055,407
338328083,407
367666650,407
368326870,407
368185680,407
367641890,407
368183550,407
368128060,407
367331980,407
368315690,407
367432220,407
368262290,407
368141520,407
338404083,407
319255800,407
368343810,407
338391781,407
368209090,407
338469779,407
368219320,407
367703060,407
368207320,407
338384214,407
338488092,407
367699490,407
368370360,407
368224610,407
367166120,407
311001441,407
367606150,407
367567460,407
367380450,407
368268910,407
367680920,407
338439182,407
367766960,407
368053110,407
367486660,407
316026579,406
369914054,406
372775000,406
368333120,406
368313820,406
366986060,406
368287530,406
338058217,406
368318270,406
368329580,406
368341470,406
256524000,406
367498910,406
367590560,406
367285000,406
338134403,406
319581000,406
368059720,406
368194510,406
367778930,406
367783970,406
338372419,406
338360597,406
338429843,406
368068570,406
367724740,406
339711000,406
338215133,406
338310725,406
338404466,406
367776920,406
339272000,406
338227114,406
367658610,406
368051730,406
368075010,406
338476859,406
367763810,406
338474827,406
338416048,406
368118150,406
338398275,405
338479427,405
338127937,405
338426406,405
367501370,405
338311357,405
338364968,405
368253220,405
338435906,405
368292570,405
368163270,405
369070000,405
338328935,405
316042387,405
338128375,405
368293340,405
368254000,405
368300680,405
338434877,405
368297050,405
368051990,405
368348520,405
367799910,405
338239917,405
338394385,405
538072210,405
538008843,405
368241290,405
538072067,405
367079660,405
339952000,405
338468019,405
368157190,405
240681000,405
338202093,404
338127859,404
319059500,404
338440125,404
368362480,404
338095227,404
338237725,404
367531160,404
329018420,404
366835820,404
367635951,404
338164347,404
338361545,404
338157241,404
368227920,404
636019120,404
338348082,404
338361405,404
338227264,404
338248055,404
311001270,404
367765940,404
368295660,404
338482839,404
338330765,404
368159650,404
367712450,404
338329513,404
367497320,404
367010460,404
338169664,404
367605150,404
338435014,404
316028909,404
367720280,404
368155490,404
367780610,404
368104420,404
338320752,404
338247851,404
338302325,404
338003198,404
367775970,403
367577550,403
368074920,403
367308510,403
338382123,403
338049554,403
538070362,403
367627320,403
338236442,403
338316401,403
338243804,403
338415805,403
368297460,403
338493026,403
367092940,403
368199730,403
338467082,403
338409243,403
366617950,403
367154940,403
366937480,403
538071487,403
368361020,403
367109650,403
339195000,403
338468361,403
367701040,403
368114530,403
367307690,403
367646420,403
232033950,403
368026910,403
338347297,403
368017650,403
367331430,403
538005145,403
338459865,403
368941000,403
210905000,403
367301390,403
366871270,403
338421053,403
338429854,403
316017159,403
368222530,403
368240440,403
477289300,403
338482433,403
538071937,402
338317705,402
316039394,402
368261120,402
338241479,402
367680960,402
369493083,402
338497356,402
338452508,402
368224880,402
368154350,402
368248570,402
367155230,402
338363598,402
316044696,402
367712620,402
338437156,402
211895030,402
338406714,402
366871480,402
368043840,402
368247370,402
338434966,402
338339716,402
367343990,402
338459943,402
338302208,402
319070700,402
377901040,402
338193652,401
367638940,401
368323170,401
338420094,401
338228732,401
367484350,401
338431652,401
338491909,401
367630030,401
367740330,401
338444748,401
338463057,401
338427463,401
338454408,401
368282130,401
388161873,401
368158340,401
368102160,401
367705530,401
565859000,401
338053661,401
367412830,401
368250420,401
367412990,401
367488790,401
538010320,401
367309510,401
367645880,401
338098509,401
368337380,401
319756000,401
316044313,401
368142030,401
368330530,401
338491029,401
338308017,401
338486313,401
338236769,401
338247504,401
368100090,400
368113580,400
368178630,400
368269250,400
367607810,400
366795150,400
368160960,400
338326319,400
338225409,400
368298460,400
368343370,400
368371840,400
367512610,400
368007540,400
338440226,400
367662460,400
368076970,400
246770000,400
367349940,400
368355550,400
377245000,400
338217326,400
338025179,400
367692040,400
338136144,400
368015120,400
338353025,400
368130770,400
368365410,400
367384650,400
367733430,400
339194000,400
338237814,400
538007035,400
367628640,400
338137334,400
368006440,400
367586320,400
368156050,400
338486598,400
366862960,400
338227433,400
338190488,400
338301734,400
338440064,400
338415055,400
368373170,400
367663340,399
367518570,399
338498046,399
338234539,399
338225043,399
338392535,399
368305620,399
368241780,399
367560440,399
368190720,399
244125322,399
366999664,399
338491025,399
367137240,399
368035830,399
338496185,399
367781030,399
368213350,399
368286110,399
368163530,399
367406910,399
338492336,399
378113382,399
338345938,399
368369160,399
367404630,399
367059950,399
368280780,399
367630690,399
338479192,399
368352280,399
303935003,399
338242602,399
338160718,399
367145380,398
368202000,398
368200790,398
368302040,398
338395432,398
367400930,398
338383002,398
338392681,398
367687750,398
316004940,398
367071290,398
367788550,398
367095720,398
367781630,398
367733880,398
367083980,398
372556000,398
338364031,398
366999444,398
215400000,398
538071117,398
338328406,398
368273230,398
338339522,398
368047590,398
338415351,398
316044471,398
338375118,398
366648910,398
366897980,398
367603940,398
338252838,398
378113486,398
367488010,398
338478401,397
338430676,397
235086316,397
367307630,397
368148850,397
232054903,397
357994000,397
367789330,397
368126670,397
319245600,397
368146260,397
316001538,397
366872810,397
338486449,397
378112454,397
367715770,397
368011980,397
338154612,397
368130860,397
338166816,397
366745450,397
368297530,397
367555440,397
366950050,397
369596000,397
369970502,397
368098160,397
338239429,397
368591000,397
368306820,397
339151000,397
369494411,397
368205040,397
368335490,397
368290870,397
338167019,397
338443592,397
368203080,397
338465166,397
367679170,397
367408230,397
338397502,397
368248090,397
368053310,397
367369990,397
368056830,396
367596160,396
368256910,396
368328230,396
338412592,396
338110000,396
338242136,396
538070025,396
538006424,396
368231020,396
367168250,396
368027590,396
368187950,396
338397951,396
368064240,396
368176140,396
368190660,396
368055410,396
368235940,396
367531970,396
244830814,396
366892140,396
319795000,396
338352013,396
338388567,396
227423330,396
338474006,396
338489664,396
367135080,396
368285250,396
367579230,396
338229689,396
338173478,396
368278880,396
338478158,396
367571630,396
338218198,396
338177881,396
368436000,396
368282380,396
338333468,396
368082120,396
368293920,396
338169775,396
368265680,396
367637340,395
338415544,395
339998000,395
338141372,395
538071767,395
338353791,395
368152640,395
338314247,395
338406192,395
368156120,395
338399049,395
338371264,395
367681340,395
366795290,395
338439078,395
319104300,395
367748210,395
316050527,395
338433062,395
338335336,395
368301890,395
319272500,395
730072000,395
338394436,395
338197714,395
338460434,395
368024780,395
227752830,395
368025730,395
338331965,395
368001880,394
319241600,394
368100250,394
367495080,394
367612480,394
338446704,394
367303530,394
368051050,394
368292330,394
338335396,394
367638790,394
477462400,394
636021686,394
247301100,394
338429759,394
338166323,394
338478099,394
338300637,394
538006038,394
368354250,394
338218811,394
367338260,394
368237770,394
338351674,394
368127180,394
368200880,394
368288810,394
368072990,394
338128165,394
367128260,394
338237258,394
368202270,394
338400053,394
338173295,394
338029727,393
338437203,393
338445423,393
338218842,393
220620000,393
338424535,393
368251840,393
368292530,393
319285300,393
367416830,393
368278120,393
367152240,393
338028626,393
367498970,393
368253810,393
338200411,393
368039440,393
338302266,393
338190138,393
338035036,393
319079200,393
367616050,393
368340910,393
368245770,393
316039011,393
518100393,393
368355670,393
338405532,393
367320010,393
368264950,393
338335022,393
338110037,393
368167520,393
367428930,393
367655770,393
367770360,393
378111833,392
338238373,392
368184340,392
338460874,392
155017179,392
338236902,392
368140290,392
369970314,392
538071359,392
352001188,392
316053864,392
368005190,392
367426470,392
368212560,392
338392613,392
338159502,392
367753140,392
338360443,392
366813490,392
367395330,392
338253346,392
368016820,392
367587590,392
319125200,392
319204500,392
338396171,392
338227155,392
338038307,392
368179310,392
378113414,392
338319221,392
368242740,392
338319192,392
366999414,392
316003667,392
368012550,392
338332392,391
338396764,391
338478781,391
368354150,391
338248304,391
368261270,391
367689450,391
368003750,391
367493450,391
368015870,391
338484774,391
316001556,391
367468890,391
338425869,391
368340150,391
338226015,391
368228320,391
366842490,391
368086080,391
338318407,391
338451932,391
338468221,391
368092480,391
338382973,391
366801920,391
367173780,391
338442435,391
338470027,391
338173854,391
367423620,391
303890000,391
367091330,391
367417780,391
338337078,390
338405581,390
338387859,390
338487033,390
316014070,390
338388274,390
338233596,390
368251960,390
367390720,390
368278750,390
368104970,390
368104170,390
367111870,390
368194170,390
367779490,390
338442153,390
367168040,390
368221290,390
366605190,390
367524030,390
338080394,390
367458760,390
338302717,390
368334370,390
367666910,390
367680750,390
368190490,390
338213723,390
368343440,390
367393180,390
368049350,390
368287130,390
338203883,390
367430440,390
338314766,390
636015589,389
368250240,389
368003680,389
368098730,389
338477782,389
368179170,389
338433046,389
368048550,389
338407436,389
367390880,389
319226500,389
368201010,389
367161370,389
367486440,389
338455096,389
338429201,389
367483860,389
338305827,389
368267480,389
338246829,389
368170250,389
368316980,389
366984980,389
368026360,389
339012000,389
367451710,389
368178190,389
367695570,389
338472539,389
338145102,389
368253110,389
338489116,389
368059840,389
368079000,389
368178850,389
538006469,389
368163220,389
367660690,389
338320277,389
338140949,388
368109370,388
367654040,388
338382691,388
338179321,388
368348750,388
338361102,388
412654000,388
338208173,388
368288210,388
368306780,388
367412350,388
338037824,388
338404342,388
338393461,388
368276440,388
367314190,388
338348251,388
338326639,388
338393029,388
338441714,388
303542000,388
368165820,388
338178019,388
366176490,388
338429435,388
338239321,388
338445725,388
368368570,388
368230610,388
338300577,388
367260000,388
367583840,388
366939330,388
338477805,388
338439005,388
338427958,388
368013550,388
368279040,388
338428465,388
367718330,388
338185756,388
338478977,388
367604470,388
368324660,388
538008153,388
338242609,388
368244590,388
367544960,387
338452071,387
367716240,387
338450727,387
338075091,387
338243696,387
338237738,387
368332560,387
367182840,387
368335380,387
368372090,387
338493612,387
368234960,387
338224747,387
368285610,387
368307730,387
775998265,387
367330450,387
368063530,387
338132271,387
316022149,387
338360371,387
338301366,387
268222101,387
366988190,387
368065230,387
338328004,387
338369036,387
338422141,387
368026840,387
368109040,387
338362348,387
368306980,387
366897610,387
367612490,387
338426776,387
339221000,387
338304945,387
338390977,387
338180596,387
338391681,387
227278000,387
338348913,387
368182990,387
368277150,387
338411695,387
339000001,387
338184482,387
367655170,387
338219372,386
368166660,386
338328451,386
374057000,386
368364660,386
338379254,386
257370000,386
367071780,386
338410352,386
636016321,386
338378505,386
368132560,386
338449112,386
341045000,386
338398038,386
368164010,386
316008225,386
538009559,386
338320873,386
368166060,386
338363141,386
367790120,386
368308020,386
338351663,386
367322890,386
368276580,386
378113562,386
338486638,386
367618760,386
636020409,386
338138688,386
368288370,386
368235420,385
338254824,385
368233580,385
367602740,385
338303867,385
338244429,385
338475241,385
368074960,385
368172590,385
367750460,385
367462760,385
338430693,385
338253266,385
538071057,385
338337566,385
338475617,385
338433683,385
338238542,385
338347559,385
338248647,385
368060790,385
636023343,385
257616690,385
338073787,385
369494410,385
338339505,385
368217640,385
366902890,385
368289360,385
338492699,385
338423688,385
338411966,385
338404278,385
338181327,385
338102084,385
338467114,385
368134990,385
367725670,385
338116274,385
368285560,385
368190690,385
368141870,385
367769720,385
369336000,384
319246800,384
338447246,384
338304875,384
368057440,384
368069520,384
338184024,384
367426660,384
338495176,384
377039001,384
338417228,384
368218480,384
538010335,384
367741190,384
368224490,384
338316452,384
367126380,384
368273170,384
367575040,384
368040220,384
311000444,384
368222640,384
367323610,384
368073940,384
338243609,384
338391795,384
338204978,384
210324000,384
367778670,384
338392038,384
367736410,384
232052296,383
368110240,383
338399767,383
368123510,383
316001649,383
338226793,383
367637920,383
367762780,383
366520000,383
368230570,383
367753520,383
338211168,383
367498110,383
368338070,383
316046951,383
338401939,383
368305210,383
368249470,383
338502092,383
338425476,383
368138030,383
503709500,383
367785430,383
368024350,383
367769080,383
538071479,383
367708990,383
538070656,383
367355780,383
338422842,382
338413329,382
538008425,382
367589320,382
367778330,382
338364023,382
368227640,382
338133464,382
367740550,382
366988260,382
338361191,382
338374772,382
319156200,382
368070380,382
338188639,382
338152818,382
338385807,382
338338025,382
369970321,382
338327786,382
368004680,382
368005750,382
338204881,382
368007130,382
367320870,382
366984390,382
338353712,382
338215082,382
367177660,382
366809540,382
538072137,382
338504639,382
367792560,382
563231800,382
338185704,382
368352580,382
368036540,381
368279970,381
367514890,381
368248010,381
368262180,381
338480651,381
319202700,381
367113110,381
338468892,381
338469106,381
319246600,381
368027920,381
367533920,381
368345340,381
338472953,381
338344194,381
338473815,381
338351801,381
338255000,381
338348941,381
367503230,381
338418221,381
338178871,381
369493027,381
368309680,381
338409529,381
367385680,381
338395124,381
338396755,381
367482320,381
338329415,381
369970937,381
338455065,381
338068818,381
367431840,380
338214493,380
338317803,380
338468693,380
367183000,380
367643320,380
367612310,380
338207261,380
338318704,380
339513000,380
368308730,380
338163389,380
368255830,380
368129470,380
636017412,380
368321620,380
368155640,380
338226858,380
352797000,380
367729610,380
311000938,380
367500530,380
316036427,380
338167545,380
368232750,380
316045828,380
368272080,380
338457183,380
368251460,380
235098163,380
316005795,380
368242070,380
636093045,380
311000392,380
368001460,380
367755550,380
368328330,380
367410990,380
338348887,380
366328490,380
338383294,380
368144130,380
338152278,380
368350610,380
338495119,380
368285420,379
338476515,379
538009715,379
367647830,379
338136206,379
368165310,379
338226779,379
338329002,379
338239352,379
338388147,379
368172620,379
338167221,379
368320490,379
338157198,379
338042383,379
338479105,379
367381680,379
316048473,379
368438000,379
338185321,379
338493409,379
368345650,379
368113870,379
316050404,379
338387976,379
338356832,379
338241364,379
368020280,379
338482286,379
338141422,379
338440136,379
338325344,379
368206690,379
338228692,379
338384172,379
368281890,379
338076594,378
368278070,378
338300994,378
338215306,378
367092870,378
367653440,378
368363660,378
367174730,378
338478584,378
338238144,378
338391935,378
367178000,378
366552960,378
339246000,378
367426330,378
367398520,378
368221420,378
338332715,378
368205880,378
367531770,378
338456512,378
367769330,378
338304692,378
338186376,378
368235310,378
366842680,378
339359000,378
338246081,378
368311740,378
338169044,378
249347000,378
368318350,378
366056000,378
368001230,377
367379980,377
368307480,377
367999320,377
338056000,377
368123070,377
311001043,377
338469748,377
338338168,377
368287210,377
368073670,377
339091000,377
339078000,377
366074000,377
338387411,377
367563860,377
339271000,377
369118000,377
338239734,377
368342930,377
338375941,377
367057630,377
366999615,377
636092098,377
244850633,377
368224770,377
368020080,377
338183058,377
367678210,377
338344236,376
368000880,376
367688270,376
338407348,376
368165480,376
338210797,376
338238296,376
368277000,376
338392447,376
369494115,376
368167990,376
316005498,376
368308970,376
538072106,376
368042620,376
367627870,376
339261000,376
338409944,376
372628000,376
368038090,376
368175120,376
367665960,376
338072424,376
374614000,376
338189587,376
367792790,376
367403960,376
368301080,376
338361128,376
368147720,376
368087050,376
368112680,376
368150340,376
367107060,376
338491008,376
368275660,376
368209480,376
367504860,376
368205890,376
338439863,375
368012450,375
368139040,375
338303338,375
316039044,375
338354382,375
338428664,375
316411000,375
378134000,375
338474143,375
338389628,375
367574050,375
368364910,375
367445430,375
636023918,375
369583000,375
367579470,375
368062980,375
369493627,375
367766070,375
368070280,375
367740340,375
368098720,375
367434000,375
210603000,375
338316929,375
338345003,375
367557020,375
367667260,375
338154994,375
338034319,375
338108493,375
338167743,375
368264460,375
367686340,375
367611240,375
368243590,375
366602000,375
368294970,375
367677680,375
367482110,374
244340385,374
338391301,374
338313672,374
367379110,374
338421628,374
338227577,374
338363791,374
338497869,374
367402860,374
367764010,374
338377767,374
368141530,374
368195880,374
368281130,374
368159550,374
368975000,374
338363829,374
338444839,374
368374950,374
316051841,374
538008415,374
538071909,374
368110450,374
338047023,374
338188576,373
338439021,373
368046140,373
338428523,373
338412569,373
368293050,373
338301301,373
368196480,373
367723810,373
338214613,373
338500305,373
338472805,373
338379544,373
338375173,373
368161380,373
338476095,373
367386890,373
368208950,373
368266510,373
368208110,373
368242530,373
338400879,373
378113388,373
368338590,373
367754970,373
367742760,373
316035872,373
338330158,373
368257770,373
578315576,373
338459471,373
338160234,373
338430028,373
316049371,373
368026950,373
367539760,373
338441971,372
338425161,372
368220360,372
338456015,372
338311664,372
368338310,372
636014663,372
636014475,372
338146889,372
367695480,372
368168620,372
338125797,372
538007911,372
368230750,372
338480774,372
211518890,372
538072055,372
367763450,372
338328912,372
368311160,372
368333930,372
368370230,372
367627130,372
316048477,372
338336026,372
368151830,372
368312560,372
338192556,372
367799990,371
368118130,371
367776990,371
338224691,371
636020354,371
367436570,371
338138748,371
338375899,371
338345265,371
338328867,371
316049963,371
367501540,371
368071190,371
367574180,371
323151000,371
368641000,371
368275440,371
338406425,371
369493771,371
378113021,371
338429049,371
338193303,371
368207430,371
367688080,371
368269180,370
338442376,370
338406531,370
366756530,370
367571850,370
338219386,370
338467725,370
368085460,370
367016520,370
367744790,370
368926278,370
338490526,370
368016610,370
338340908,370
367071420,370
367396890,370
338428805,370
232017741,370
339559000,370
338158439,370
368113140,370
368304570,370
368126620,370
319101000,370
367077760,370
256212000,370
338354069,370
368337680,370
366999516,370
368259060,370
367692950,370
338128089,370
338425576,370
316038836,370
368037470,370
367136850,370
367048590,370
338429173,370
338505506,370
338182243,370
367165610,370
316018204,369
338010004,369
338402699,369
369970566,369
367559870,369
367449270,369
338233779,369
338372189,369
338307006,369
338365617,369
368109480,369
338098765,369
367010190,369
338452758,369
367652850,369
367760820,369
367692680,369
338409009,369
338216331,369
368304760,369
367592310,369
338333991,369
338330189,369
367719070,369
338203365,369
367784140,369
338440167,369
316007587,369
368047760,369
367384770,369
338149294,369
361183330,369
338243212,369
368283260,369
368313380,369
319265000,369
366967690,369
368296120,368
368367280,368
368272210,368
316026269,368
338413179,368
368028880,368
368178510,368
338143803,368
338148844,368
367347000,368
368285350,368
338347399,368
232045817,368
338118564,368
338505892,368
338476816,368
368062680,368
368285790,368
367357310,368
338389959,368
367533710,368
368053640,368
338136263,368
338167959,368
338393296,368
367548880,368
338392862,368
338467562,368
338431937,368
338328291,368
368358420,368
368265570,368
338229343,368
368250820,368
316031105,367
338330108,367
538072152,367
338430492,367
369198000,367
378113559,367
338321229,367
338376315,367
368131000,367
367332030,367
368118120,367
368342330,367
369970732,367
369308000,367
368329630,367
367033480,367
368133060,367
368263690,367
367373420,367
367644990,367
368190390,367
367026580,367
368333630,367
368008130,367
338163019,367
368215670,367
367755230,367
367306730,367
338343581,367
338244502,367
368047190,367
338144542,367
367714320,366
338107818,366
538072125,366
368180390,366
368272320,366
316047602,366
316030796,366
367659210,366
368286410,366
338150633,366
338431393,366
367517750,366
368369170,366
338394137,366
338178439,366
338148921,366
368238620,366
368278780,366
367351210,366
338488298,366
368156420,366
338316385,366
338367409,366
367173950,366
338444655,366
338109144,366
249997000,366
338316851,366
338316023,366
366991474,366
338209945,366
368177040,366
319129000,366
368076580,366
368135860,366
338473357,366
256291000,366
368359970,365
369858000,365
338425012,365
338083000,365
338380634,365
338504961,365
368313490,365
338380139,365
366953880,365
338395671,365
367057610,365
368175490,365
800000000,365
368322350,365
338191636,365
338229338,365
338173183,365
367153610,365
366952000,365
338249095,365
368100840,365
368179460,365
368125810,365
378113566,365
338377888,365
368106880,365
368046390,365
316053109,365
367188450,365
338329269,365
255806103,365
367760380,364
316031397,364
338199276,364
636015944,364
338320694,364
367650490,364
316050414,364
338505336,364
368252640,364
378112975,364
338402559,364
366999604,364
368324140,364
367414000,364
257375000,364
368308310,364
366969110,364
374158000,364
368074710,364
367435470,364
367999680,364
368080240,364
316035564,364
338171065,364
367445120,364
338474947,364
316007481,364
338490342,364
368049840,364
368029250,364
368033910,364
338412263,364
211560140,364
538070769,364
368132860,364
366898520,364
338146692,364
368282370,364
338505358,363
367734160,363
367369980,363
367473610,363
338252296,363
338149196,363
338360567,363
338362764,363
368292040,363
368216860,363
338232644,363
368097120,363
368252710,363
316004658,363
338400811,363
368234360,363
368367090,363
366764000,363
338454923,363
338214232,363
316052829,363
368305490,363
368299670,363
368184850,363
338192735,363
538005319,363
367713470,363
368240540,363
367794140,363
338306739,363
367553780,363
338454885,363
338162563,363
338353207,363
339000042,363
338421899,362
368134020,362
367113150,362
338117933,362
367143550,362
338363084,362
338339811,362
367373880,362
338391453,362
368126170,362
338102902,362
256002622,362
368036590,362
368105150,362
316047754,362
338148873,362
316052438,362
338310878,362
367735720,362
367198440,362
338493596,362
367396930,362
367775170,362
338416822,362
367719670,362
369369000,362
367194680,362
368172250,362
312391000,362
338381877,362
367692520,362
338466382,362
368068760,362
378113847,362
338179205,362
338441458,361
338388721,361
338413423,361
338307615,361
338339764,361
367321280,361
338391604,361
368211260,361
368213880,361
338378875,361
367710780,361
368105000,361
367444970,361
367337870,361
369493144,361
338485855,361
368080920,361
338335196,361
368109950,361
368900000,361
338348307,361
562676000,361
368310440,361
367706030,361
368199950,361
368196460,361
367034370,361
338321337,361
338327398,361
369338000,361
303533000,361
367543490,361
368177520,361
367763460,361
338437934,361
338445217,360
636022185,360
338332582,360
368022020,360
319017600,360
368365960,360
338316926,360
311001290,360
338473669,360
367576940,360
319235100,360
338483392,360
338404725,360
338356515,360
366999429,360
368227670,360
368278430,360
367071270,360
338380585,360
338218387,360
367715890,360
366749850,360
338319175,360
338391265,360
338147079,360
338081257,360
210328000,360
338498663,359
338205644,359
367537080,359
338438311,359
368347570,359
338192944,359
316001717,359
368267160,359
368175090,359
338926414,359
563080100,359
338109967,359
338183549,359
368034980,359
338247194,359
338478398,359
338926419,359
338412891,359
367143340,359
232048617,359
368027260,359
368295640,359
368370280,359
338073034,359
367139910,359
338167405,359
368066650,359
368066810,359
338178029,359
367670000,359
338458678,359
338420842,359
368261190,359
319205500,359
338162692,359
338218673,359
338419469,359
338348204,359
368302380,359
338306927,359
211002010,358
268234502,358
368323990,358
338493018,358
368350240,358
368281680,358
368175980,358
368197750,358
368006150,358
367091440,358
367520390,358
368118710,358
338926455,358
338099083,358
367787770,358
368071730,358
367120040,358
367784420,358
368204860,358
338172405,358
368105530,358
338105119,358
367403130,358
368124740,358
368040320,358
367444790,358
338489827,358
368260380,358
368159680,358
338302783,358
338049091,358
368267880,358
369494415,358
338469416,358
367695640,358
366892120,358
338249327,358
367109980,358
368122990,358
538071671,357
338312357,357
338171363,357
368093210,357
367083810,357
255805701,357
316005378,357
367612210,357
368320440,357
352851000,357
366999518,357
316036399,357
338229549,357
368225750,357
378113424,357
339227000,357
338243162,357
367638120,357
338368108,357
338404311,357
338177041,357
338497209,357
338506629,357
338489967,357
368370880,357
368036740,357
338368444,357
338144965,357
367755150,357
338228516,357
338099889,357
368343450,357
368335810,357
367714490,357
368037690,356
367326880,356
368297350,356
368243030,356
338474287,356
367183910,356
367514550,356
211838610,356
368278620,356
338314802,356
316041595,356
338494821,356
367050320,356
338422132,356
256001317,356
368337470,356
338125053,356
368324980,356
338424122,356
367150410,356
367451430,356
368344990,356
339054000,356
338467426,356
215596000,356
338307185,356
368616000,356
338468782,356
338480808,356
338384774,355
338190774,355
368030340,355
367586660,355
338309763,355
367403640,355
367446390,355
338080572,355
338081579,355
367623720,355
338379184,355
338218653,355
338426247,355
368250990,355
368257120,355
367015490,355
368250870,355
338017402,355
367595190,355
319244900,355
366934780,355
368218520,355
338381273,355
367626730,355
367638080,355
368193020,355
368169460,355
338373465,355
338201023,354
303431000,354
232028466,354
338324081,354
368107220,354
367330120,354
338233844,354
368328520,354
338178147,354
338337916,354
368271580,354
367675220,354
367522260,354
338175879,354
368171360,354
338066598,354
338152018,354
368345760,354
371348000,354
368338570,354
538070539,354
368214660,354
366687000,354
338923000,354
368180120,354
338243648,354
338200916,354
316052705,354
338425343,353
338490152,353
338225387,353
367079960,353
538071472,353
378001159,353
338493129,353
338369886,353
338169577,353
339995000,353
368338810,353
338313733,353
338633000,353
352898739,353
368368060,353
338473886,353
338164079,353
316015060,353
367734780,353
367496470,353
368330640,353
338198429,352
477746400,352
367045610,352
338413039,352
338310839,352
367633030,352
368187050,352
316031774,352
338483975,352
338329132,352
338482094,352
338389786,352
368212660,352
367743760,352
338241451,352
338142617,352
338300989,352
368145740,352
368338110,352
368015780,352
368234250,352
338190648,352
368122350,352
338398998,352
338098994,352
338210942,351
367163340,351
368370110,351
338136852,351
338399761,351
338175175,351
338067800,351
367673370,351
368326520,351
368019120,351
367000160,351
366999327,351
368151990,351
367472390,351
367537480,351
367768030,351
338453745,351
368318110,351
368238970,351
338365812,351
338115368,351
338190801,351
338473567,351
368366830,351
338443799,351
338474977,351
368002120,351
338129898,351
367385630,351
368144520,351
368343340,351
338461856,351
338468418,351
311001403,351
338191619,350
338099733,350
367586630,350
368119370,350
338152894,350
338035287,350
338390687,350
369916000,350
338443466,350
338311215,350
338389349,350
338336619,350
338398709,350
338393843,350
338117929,350
212735000,350
338491917,350
368306410,350
316018604,350
368101520,350
338227326,350
368278950,350
338196025,350
338401447,350
338100725,350
367684680,350
338424624,349
338400736,349
338212583,349
338236795,349
338236847,349
338190826,349
338239827,349
338475215,349
338450237,349
338362000,349
368184230,349
367313760,349
338437972,349
338486736,349
368086440,349
366989860,349
368116450,349
319242800,348
366936980,348
367439990,348
338473089,348
367616790,348
338144322,348
367104160,348
338493139,348
368039540,348
338364086,348
319115500,348
366478410,348
368317230,348
338352047,348
311728000,348
338101828,348
367711540,348
338074244,348
368056450,348
338457908,348
368367130,348
368115530,348
338304968,348
368328420,348
368323730,348
368321410,348
367715990,348
338149146,348
316052439,347
311001401,347
367761110,347
339219000,347
338167677,347
367136470,347
368249940,347
338032241,347
338430402,347
366846920,347
338404709,347
378114213,347
338171371,347
368205140,347
338376394,347
368205540,347
368275450,347
368326880,347
316037256,347
366999836,347
338228393,347
338427231,347
316025599,347
338398495,347
338202329,347
338488891,347
367162820,347
338326316,347
367061010,347
338330436,347
338372478,346
338372749,346
338403807,346
367799460,346
368104320,346
338327349,346
366976990,346
367312280,346
368331490,346
368182720,346
368267380,346
338236311,346
338429184,346
366999984,346
235115907,346
368045490,346
405000240,346
367629320,346
338350423,346
367619140,346
378112993,346
338430382,346
316048194,346
538009545,346
338208152,346
367518240,346
338408839,346
367725750,346
368030350,346
338466098,345
367711690,345
538008368,345
338216691,345
338252175,345
367656540,345
338426554,345
338501603,345
368190770,345
368061430,345
368131220,345
338439125,345
316041303,345
338439089,345
367537280,345
338119263,345
338074121,345
368034780,345
338423701,345
367692750,345
338083456,345
338400762,345
338482087,345
366989280,345
366762020,345
368105720,345
367446310,345
369914055,345
368120880,345
338149432,345
368310020,344
368019160,344
338183055,344
367642860,344
338411524,344
368305260,344
338425335,344
367774510,344
338500614,344
338467915,344
368076760,344
367725150,344
368210120,344
338313091,344
338439159,344
367609770,344
368162730,344
368300670,344
368082260,344
367572230,344
368161770,344
367784130,344
338347904,344
319104100,344
366866810,344
432930000,344
338085067,344
338455107,344
368351110,344
368231420,344
367555090,344
338493528,344
338330992,344
368158120,344
338308947,343
338382138,343
367501670,343
368340280,343
338242985,343
636015112,343
338499054,343
338402345,343
369333000,343
338305954,343
368372870,343
338414261,343
338010788,343
319011600,343
367599860,343
368129380,343
368071260,343
339083000,343
338085726,343
367654260,343
338223624,343
368220260,343
209504000,343
338411813,343
538071292,342
368155230,342
338314788,342
414464000,342
367715650,342
338133151,342
338439623,342
338327753,342
338491092,342
338494027,342
338470442,342
316047565,342
338332498,342
338123673,342
338435902,342
345090004,342
368351890,342
477142500,342
369493673,342
338466599,341
338232372,341
368180850,341
338467932,341
316039293,341
338491206,341
368280160,341
311001301,341
538006194,341
366999978,341
368121470,341
303458000,341
636021154,341
338366546,341
366963410,341
316037237,341
368014290,341
338477612,341
367584530,341
339894000,341
367299040,341
367300090,341
367315790,341
368310560,341
338386707,341
368234150,341
338497727,341
219409000,341
338072862,341
367099670,341
338344707,341
338366834,341
369112000,340
367770070,340
338451382,340
367710140,340
338141134,340
311001481,340
338168848,340
338431559,340
368332220,340
368232520,340
368272560,340
366969740,340
338501447,340
367791490,340
367582530,340
338128529,340
338478309,340
368013620,340
338145616,340
368003650,340
368247060,340
338339572,340
338072846,340
338312806,340
368353750,340
338380563,340
368124560,340
366988960,340
367408390,340
316001257,340
368348440,340
338378941,340
338390164,340
338455784,339
368317020,339
338307475,339
338099677,339
338485427,339
319175600,339
367571790,339
368114830,339
368141170,339
368370610,339
368148690,339
368119420,339
367133230,339
338421636,339
367517320,339
368300590,339
368090330,339
338313063,339
366970760,339
366955670,339
303935006,339
368231080,339
386115820,339
338201722,339
368260690,339
370547000,339
368179020,339
368014340,339
367531920,338
338465126,338
368210870,338
338417263,338
338178891,338
366843280,338
338300574,338
316011950,338
636022275,338
338492842,338
338404249,338
367467480,338
338069568,338
367649160,338
338200324,338
338421034,338
338310354,338
368182850,338
367581510,338
338367189,338
367684940,338
338090531,338
368292110,338
338434577,338
338181537,338
368220530,338
367569630,338
368292830,338
319080500,338
338475735,338
316014014,337
368254480,337
338228512,337
366961470,337
338426331,337
338311701,337
338443049,337
338485058,337
338476471,337
338428113,337
338744000,337
338485957,337
368359670,337
215144000,337
338145665,337
367288000,337
305790000,337
215920000,337
338477063,337
338503065,337
338032925,337
367638030,337
367669230,337
368108120,337
338027732,337
338493665,337
368092580,337
338498106,337
368158090,337
368104880,337
368342560,336
368072490,336
374788000,336
338073426,336
338478831,336
367791710,336
368151960,336
367376670,336
338403681,336
368177270,336
316020878,336
367593250,336
338030141,336
367716970,336
338377231,336
338433352,336
368372110,336
368323940,336
368366070,336
538072044,336
368249920,336
338100112,336
367783260,336
338454901,336
338425607,336
367751050,335
338462311,335
338157881,335
368257490,335
368341220,335
368292060,335
368321440,335
368014910,335
338878000,335
338487679,335
367435870,335
367335590,335
338253424,335
368046210,335
368006270,335
338477509,335
338368857,335
367072720,335
367544620,335
316041091,335
338432787,335
338059496,335
368250830,335
367731890,335
368328180,335
338073397,335
368228980,335
338485323,335
338229693,335
338162344,335
636024038,335
338470062,335
338163002,335
338209606,335
338319871,334
338222121,334
368351360,334
338364364,334
366963060,334
338209202,334
338424196,334
367611460,334
338349163,334
366995440,334
368400000,334
232022528,334
368343470,334
338468045,334
338467987,334
338426697,334
367777910,334
368245060,334
316003222,334
366934480,334
338355855,334
338477073,334
316044001,334
211549000,334
338489582,334
367408930,334
338404779,334
368294950,333
338329178,333
338330284,333
601190300,333
338333735,333
368172350,333
368123870,333
338122969,333
338379197,333
339315000,333
338306194,333
367618240,333
366881590,333
366999466,333
366991432,333
338450458,333
368202360,333
369240000,333
368003140,333
338102322,333
338474543,333
338237884,333
338478854,333
338482252,333
367689510,333
367739420,333
366920310,332
338468477,332
367618070,332
210614000,332
368139840,332
212960000,332
368142950,332
338393073,332
368338210,332
366966070,332
367349220,332
368278610,332
338434532,332
368336940,332
338165518,332
338441403,332
368046160,332
338376858,332
538005579,332
316026137,332
338397967,332
338338626,332
368195930,332
338444046,332
367676470,332
367650330,332
368196560,332
367433360,332
338492888,331
338254272,331
219025000,331
367533190,331
367349290,331
366914430,331
338360806,331
368284190,331
338427761,331
338493365,331
368064160,331
368115710,331
338349998,331
564923000,331
367364240,331
367511310,331
369970324,331
338494581,331
338313264,331
368237550,331
375695000,331
338446072,331
368349780,331
338067771,331
338224107,330
338068521,330
338492073,330
338072189,330
338429247,330
368330870,330
338489145,330
636092784,330
338187822,330
303539000,330
338454237,330
338398772,330
367735850,330
338241559,330
368091730,330
338379408,330
368107460,330
338147573,330
367192240,330
338485162,330
368926404,330
367659190,330
316012453,330
338252784,330
368031380,330
338507271,330
338231624,329
367142710,329
338300294,329
338145048,329
376086000,329
367453310,329
368130010,329
338490533,329
368210390,329
366850970,329
368204940,329
338127501,329
367470430,329
338433338,329
368123180,329
368274740,329
366928930,329
366994920,329
368261150,329
368063550,329
338438549,329
368093750,329
338173305,329
368286910,329
368326570,329
368162210,329
316044662,329
367777310,329
367612820,329
338332924,329
367379630,329
338190048,329
338099473,329
338223442,329
338641000,328
367708110,328
368145950,328
338132122,328
368074620,328
368308470,328
316001125,328
338323033,328
577403000,328
366983260,328
368631000,328
338236031,328
338433283,328
338338181,328
338245315,328
368003780,328
368011060,328
368309830,328
367783120,328
367120250,328
338326528,328
338397233,328
367187970,328
368278490,328
368187720,328
368261720,328
367727250,328
310567000,328
338480492,328
338320808,328
338132333,328
306017000,328
368100940,327
367522910,327
338188519,327
338242141,327
338352087,327
367110320,327
538072134,327
368280120,327
368364350,327
338368763,327
338392019,327
338301261,327
338375012,327
338094919,327
367714130,327
338051528,327
538010172,327
338359811,327
368339360,327
367570560,327
338457174,327
367776380,327
357441000,327
368131020,327
368268990,326
210959000,326
338109326,326
338394826,326
368241540,326
338200096,326
367432470,326
367688810,326
366986849,326
368227690,326
338332642,326
338493524,326
338465868,326
338433247,326
373521000,326
367406030,326
368238150,326
338353004,326
563212600,326
338156657,326
367571020,326
338226227,326
338397741,326
368359520,326
368360160,326
368170810,326
319092700,326
338430855,325
338192388,325
338128692,325
338503073,325
368201160,325
338403599,325
366946960,325
367452640,325
367178580,325
367563380,325
316021813,325
338127967,325
368024000,325
368375470,325
367611260,325
338442089,325
538011110,325
367757210,325
367357320,325
366953890,325
316036035,325
338309106,325
368231650,325
368254280,325
338503888,324
338177481,324
368301230,324
367626680,324
367748320,324
368174620,324
538071232,324
368073630,324
338424008,324
338377264,324
366953000,324
338501733,324
338175958,324
338246049,324
367798580,324
338426438,324
338211221,324
319257200,324
338412889,324
367678130,324
338473996,324
345123450,324
367359940,324
366820370,324
368305090,324
369493080,324
367509430,324
378113913,323
368267980,323
368235810,323
368062050,323
316030736,323
368026850,323
319095700,323
338328513,323
338468622,323
319180500,323
368339070,323
338457751,323
368076620,323
367057940,323
338446855,323
338473674,323
241325000,323
316039286,323
338096768,323
338387656,323
339676000,323
367648020,323
338678000,323
367489440,323
367701470,323
338250683,323
316053866,322
319227700,322
368102180,322
338394408,322
338502626,322
636093090,322
367390070,322
368092660,322
338233579,322
368015960,322
368338390,322
367414130,322
636014968,322
565295000,322
338207912,322
367742810,322
338133032,322
338168604,322
368374960,322
338496245,322
368219690,322
368058260,322
368282240,322
368109570,322
334979000,322
367779170,322
367197380,322
367402660,322
378113974,322
338215609,322
367704000,322
367132730,322
368100220,321
338441446,321
366882560,321
367600470,321
367184920,321
366957930,321
367609520,321
367789310,321
338325626,321
367592420,321
338125569,321
368247860,321
338111912,321
316033814,321
368028590,321
338193002,321
368324220,321
338484248,321
338753000,321
368181060,321
368325310,321
338485451,321
367450790,321
232039752,321
368144390,321
367167250,320
338185247,320
368283850,320
566583000,320
366875820,320
367460820,320
368248150,320
338429233,320
368366140,320
338419351,320
338193784,320
368267990,320
367494250,320
368031980,320
338457046,320
368286360,320
367575510,320
367658560,320
368220140,320
367586250,320
229606000,320
368204960,320
367510010,320
368347210,320
368265150,319
316010633,319
368160320,319
338368785,319
338250322,319
368321140,319
316013776,319
338465427,319
209862000,319
338465895,319
338362994,319
338178271,319
368375440,319
368241180,319
368241480,319
338349648,319
319271400,319
338480004,319
366840000,319
338422879,319
538071683,319
338426928,319
368087450,318
368117770,318
338489894,318
319233100,318
368306950,318
366927960,318
338426907,318
338499582,318
367468270,318
366861000,318
367079040,318
338122493,318
367517810,318
338329000,318
368240110,318
338308463,318
367563570,318
338368535,318
368296580,318
338457000,318
338364987,318
368329490,318
366875850,318
338072085,318
338169735,318
369003000,318
369330000,317
366992070,317
367148930,317
338175289,317
338384182,317
368248340,317
338424904,317
265036460,317
338456092,317
367468590,317
338226781,317
338402907,317
338101344,317
367619830,317
338478491,317
338314251,317
338234236,317
338353738,317
338394012,317
367599780,317
368101000,317
368335630,317
338474151,316
367436560,316
368365130,316
368374190,316
338321972,316
228084000,316
367007280,316
367552640,316
368214850,316
369493620,316
338492607,316
367563000,316
338450526,316
338504529,316
368304330,316
368059660,316
368173360,316
368177750,316
338385737,316
316034102,316
368181970,315
338489024,315
338350984,315
338179422,315
367652230,315
338468155,315
368117970,315
366927240,315
636017141,315
368198850,315
368328460,315
368203050,315
368365340,315
338169433,315
338190276,315
368080040,315
368199740,315
338210835,315
338436856,315
316036236,315
338210164,315
338430024,315
367790360,315
338232249,315
338427919,315
367672410,315
367737420,315
367170840,315
367788090,314
368243890,314
367164000,314
338500977,314
368234140,314
367734550,314
367748380,314
368681000,314
338444085,314
368161350,314
338192032,314
368186510,314
247182500,314
366870270,314
338415783,314
367697270,314
338343584,314
338320862,314
367587840,314
367691280,314
338183646,314
368324630,314
367700990,314
232052663,314
368146120,314
368325660,314
636016933,314
367760910,313
368061000,313
366999975,313
368194590,313
367136440,313
368348990,313
368276880,313
338411249,313
368298190,313
366823320,313
368322520,313
338303768,313
368213760,313
311922000,313
368029730,313
338395345,313
338179479,313
367599990,313
338325556,313
338367878,313
366554000,312
368347240,312
338398575,312
367345120,312
338454495,312
338373161,312
369493056,312
368286430,312
338450227,312
338506353,312
338351332,312
338211904,312
367607850,312
338311733,312
339992000,312
367533910,312
368215110,312
338467605,312
338316962,312
338305747,312
369970253,312
338127959,312
368206430,312
337637000,312
368285010,311
368348420,311
368305880,311
367718010,311
338427577,311
367793880,311
368144470,311
367649740,311
367732790,311
338023411,311
368024550,311
636092910,311
338476531,311
368926022,311
367730640,311
316045609,311
338304973,311
368081320,311
338367556,311
367174710,311
368171690,310
338304048,310
367447850,310
338174094,310
338325903,310
338431354,310
338202151,310
367313000,310
368184020,310
338323728,310
338318369,310
338349322,310
338329896,310
338684000,310
338425455,310
367764710,310
338450598,310
319063200,310
366929730,310
261001129,310
338387882,310
338414404,310
367460260,310
367780630,310
368126790,309
338156416,309
367403480,309
338393719,309
367161070,309
367556170,309
368278290,309
338461317,309
232045708,309
367402690,309
338404162,309
413492850,309
257525000,309
338228091,309
368344910,309
338163045,309
367167020,309
338388905,309
366999597,309
367613490,309
232201267,308
367747070,308
338463968,308
338390962,308
368335000,308
367352040,308
368557000,308
368239030,308
368211910,308
368085010,308
338414376,308
368228220,308
338340778,308
368313330,308
367626640,308
338166169,308
338127175,308
367694530,308
338096862,308
338332085,308
368206970,308
338143792,308
368191630,308
368242770,308
338171587,308
311000824,308
368264670,308
367674620,308
367470360,307
338471991,307
316021584,307
368067510,307
338492268,307
366702000,307
368226870,307
338004941,307
367679530,307
368211390,307
368182190,307
368121580,307
368037660,307
368128230,307
366972540,307
368284240,307
367008630,307
338453955,307
316006651,307
316037865,307
367612650,307
368073410,307
338361459,307
345020019,307
368059850,307
367798530,307
338233672,306
367668870,306
368276990,306
368426000,306
368006740,306
367781970,306
367060490,306
339585000,306
368247020,306
338198587,306
368359720,306
368224890,306
367010820,306
311000239,306
368071030,306
367456930,306
368162010,306
338399589,306
366398180,306
338208857,306
368310340,305
338337278,305
338344191,305
234611766,305
338334012,305
368218210,305
338462149,305
338428861,305
368051430,305
367099580,305
636092860,305
338391217,305
338394312,305
316044806,305
368342580,305
338496698,305
367324660,304
338204602,304
338404879,304
367404730,304
316046245,304
368290930,304
367098770,304
367658410,304
368125760,304
367483740,304
248820000,304
367614540,304
368244160,304
369273000,304
368067420,304
316034653,304
368368580,304
338125915,304
368032910,304
368149830,304
338157549,304
477950300,304
367019860,303
982590016,303
338046328,303
367544000,303
338327525,303
367439280,303
338457901,303
316028671,303
367093710,303
368278240,303
338174777,303
367638710,303
368124770,303
316047351,303
316011804,303
354972000,303
338233967,303
368266890,303
338461076,303
338187808,303
338228588,303
352003631,303
338380123,302
367491430,302
368229950,302
367577510,302
368163250,302
338420209,302
368287170,302
316050861,302
338926457,302
338234000,302
338386072,302
303071000,302
367710750,302
373636000,302
338401487,302
367078810,302
338322094,302
367575230,302
366766370,302
338502847,302
338184269,302
338116454,301
338427575,301
345020017,301
993691001,301
338422635,301
368209160,301
367580570,301
368176320,301
338337752,301
338053000,301
367771620,301
338092728,301
338471167,301
338471457,301
373090000,301
338250173,301
366278770,301
316033236,301
538003932,300
366971540,300
338446016,300
316051681,300
636022138,300
338348794,300
319259200,300
366751060,300
368102230,300
368107710,300
338324000,300
368111950,300
368113080,300
367691350,300
366997290,300
538011085,300
367584670,300
368276530,300
303674000,300
367723170,300
338142675,300
338145694,300
338480645,299
338412835,299
338471832,299
338307005,299
367382320,299
368059230,299
367709020,299
368283220,299
367710270,299
338247243,299
368198390,299
366823250,299
368227370,299
368072450,299
338391776,299
338237375,299
338237576,299
308516000,299
367437380,299
368239240,299
367770000,299
368233870,299
368293170,299
368188020,298
338069711,298
338423239,298
338161132,298
368266250,298
367308780,298
338475243,298
338369775,298
369552000,298
368220720,298
367717020,298
367648510,298
366895280,298
368132210,298
377901123,298
368036770,298
366382000,298
368209120,298
368299620,298
367097720,298
338429624,298
338425361,298
338433573,297
338028534,297
368102780,297
368111540,297
338391033,297
338506314,297
368008960,297
368079390,297
368362380,297
316002054,297
538005516,297
339768000,297
477539700,297
339902000,297
368247520,297
338377127,297
366901530,296
367488450,296
367136880,296
368122860,296
338223507,296
316030416,296
367793070,296
319253800,296
367687870,296
367630640,296
368192340,296
232039883,296
338368312,296
367067370,296
368293960,296
367615940,296
338233526,296
367659240,296
338333275,296
368081650,296
338510272,296
367710280,296
367628430,295
338200784,295
367468260,295
338157903,295
303966000,295
338440544,295
338303186,295
368241140,295
368008060,295
338476316,295
338446155,295
338407976,295
367505190,295
338204924,295
316042165,295
368371030,295
338140829,295
538006708,295
367399360,295
367309430,295
368129140,295
316022036,295
368322220,295
338344472,295
367604980,295
338240395,295
368050840,295
368285710,295
368046350,295
368082810,295
338240201,295
368357530,294
338373412,294
368281990,294
367679190,294
316052327,294
369494406,294
563102400,294
368327040,294
367602540,294
338301498,294
367084780,294
412199304,294
368133320,294
368073760,294
338128573,294
368284000,294
636016222,294
368199990,294
368185630,294
338168239,294
338438927,294
368304690,293
316031579,293
338311624,293
338432437,293
367652000,293
368286510,293
338443382,293
338369278,293
368140120,293
338133569,293
338460562,293
367737070,293
367717970,293
367762050,293
368330910,292
368293820,292
368114310,292
378113852,292
368078070,292
720181000,292
368238540,292
367641070,292
998975541,292
316040483,292
316028966,292
367440240,292
367442590,292
338106622,292
366874920,292
338473091,292
338432843,292
338536000,292
316027548,292
367326780,292
338391502,292
338457628,292
367383280,292
338498912,292
338471825,291
338180566,291
338247729,291
366978490,291
368216840,291
338381477,291
338466961,291
316033326,291
338482873,291
321113333,291
367515340,291
368215610,291
338445862,291
338487579,291
338313741,291
366999999,291
338096168,291
338576000,291
338459575,291
367721380,291
367340870,291
367752130,291
316050451,291
338117222,290
338437391,290
338300157,290
366888770,290
366992840,290
367519380,290
368236410,290
338497354,290
338245332,290
338224296,290
338218665,290
367041160,290
368289390,290
367362770,290
367562750,290
319184500,290
338188277,289
338472513,289
316043105,289
338077538,289
338473878,289
368325320,289
338327032,289
367375750,289
538010268,289
368225266,289
338332447,289
368129770,289
366889850,289
338138147,289
338422213,289
319231400,289
338303274,289
338108946,289
368171880,289
338385626,289
338494382,288
338383233,288
367723450,288
378113585,288
368200040,288
368159560,288
367338000,288
367397810,288
636021888,288
368283580,288
316040542,288
367333570,288
338392586,288
319102900,288
368001940,288
316004410,288
677048300,287
367749940,287
338405857,287
209963000,287
303197000,287
368188940,287
368302480,287
367465730,287
367391920,287
368093270,287
367393840,287
367375460,287
338133162,287
316038006,287
367638450,287
368268130,286
368128140,286
338252325,286
367579880,286
367312440,286
366991440,286
338132664,286
316025623,286
366630000,286
367368980,286
338433196,286
338471085,286
412199302,286
368328810,286
316028702,286
368193070,286
368014230,286
538070928,286
338042418,286
338071957,286
368343550,285
367351090,285
367636310,285
368212510,285
338506298,285
338117205,285
366874050,285
367692940,285
261022170,285
338304735,285
338367712,285
368118690,285
319183200,285
367413230,285
338432863,285
338136871,285
316051000,285
367493760,285
338324837,285
367731930,285
368188750,284
232634000,284
366876420,284
338407295,284
368327250,284
367511740,284
366870750,284
368508000,284
367790620,284
338413036,284
368558000,284
368350830,284
367108530,284
338178123,284
338330532,284
338364492,284
338494914,284
367524530,284
368107090,284
368287540,284
368261890,284
367165890,284
316003558,284
538008944,284
338501908,284
368247720,284
366746210,284
367713710,284
367059270,284
311000907,284
256647000,283
367310560,283
368003410,283
367605290,283
671394000,283
338414048,283
338400848,283
338130425,283
338426267,283
338140285,283
338336958,283
338352384,283
368055840,283
368229610,283
338348129,283
367316110,283
316016150,283
338506808,283
368250880,283
368108520,283
338215202,283
368355000,282
338498298,282
319751000,282
368345490,282
338403129,282
367482760,282
368102690,282
338489704,282
338368764,282
367999960,282
368334230,282
368355850,282
367359280,282
368200110,282
368277980,282
338133727,282
338400249,282
368037870,282
338141859,282
368104840,281
338175814,281
368148210,281
369293000,281
367612290,281
338484684,281
366325930,281
338478967,281
367564280,281
368339010,281
368000410,281
368307280,281
368028770,281
316015922,281
338207052,281
367784930,281
338212878,281
368267850,280
367353160,280
316021997,280
338452728,280
368229350,280
338169574,280
368353990,280
376278000,280
338132083,280
368006730,280
338130192,280
338303073,280
338303853,280
368310070,280
338099856,280
316045085,280
338369942,280
256929000,280
338442307,280
367148890,280
316009090,280
367472090,279
368253690,279
367702580,279
368260580,279
338487831,279
367555880,279
316034763,279
338171525,279
530798904,279
338390908,279
338226461,279
338360646,279
338317006,279
367448070,279
338340003,279
366910530,279
367660390,279
367616650,279
367079430,279
338471000,279
720066000,278
338324589,278
338240206,278
316028722,278
538071220,278
338418324,278
338427565,278
366888760,278
338250001,278
255806376,278
368281410,278
368260460,278
338206665,278
338124659,278
367756370,278
338356847,278
366828000,278
338362306,277
245470000,277
338442802,277
369493068,277
316051819,277
538070849,277
338350995,277
367734940,277
367762440,277
367565410,277
368138180,277
368047080,277
240175500,277
338350539,277
338492059,277
367055340,277
338373087,277
367132000,277
367635730,277
368158880,277
339635000,277
316017162,277
367402540,277
367656850,277
367634330,277
338252851,277
338316308,277
368067540,276
338417507,276
368321320,276
367475340,276
368036440,276
368036870,276
368150790,276
563023500,276
338323045,276
368214530,276
338171877,276
338475815,276
388141702,276
338215353,276
338493183,276
338242682,276
311000240,276
338456409,276
367755610,276
338241699,276
311000624,276
338367119,276
368046270,276
338446663,276
367177670,276
367462510,275
368183790,275
368015060,275
367491660,275
316003446,275
367106730,275
338425366,275
367068330,275
367192860,275
367526810,275
316051863,275
367117430,275
367438770,275
368274560,275
338496191,275
316017543,275
338395327,275
367777390,275
338187924,275
538009594,275
338424712,274
338344588,274
368031970,274
200000001,274
368311960,274
316042213,274
316009084,274
367189570,274
367547980,274
368278650,274
338436001,274
248150000,274
368344570,274
368262650,274
366988540,274
338386358,274
338384211,274
338379481,274
367767910,274
368235150,274
368278670,274
368089570,273
338347388,273
367797430,273
327801008,273
367703830,273
338498911,273
367704620,273
366755670,273
338383836,273
368206530,273
338225303,273
368678000,273
316029948,273
338429396,272
369493699,272
367518490,272
316053238,272
368114490,272
338094363,272
338128156,272
368328020,272
368309070,272
310384000,272
367571530,272
368009880,272
367412610,272
538071166,272
367657110,272
338466461,272
367327060,272
316042097,272
367629180,272
368167090,272
368092450,271
368162770,271
367690810,271
636024204,271
368074780,271
368088070,271
367696820,271
367616870,271
367327210,271
367669960,271
538010031,271
338203671,271
338167809,271
368021550,271
538006625,271
368337190,271
368215330,271
316045544,271
338473979,271
338310292,270
338119424,270
338133235,270
338428995,270
368167480,270
538010623,270
538071499,270
338436558,270
368305550,270
338416277,270
338216756,270
338218529,270
241849000,270
375681000,270
338483218,270
338484121,270
367589280,270
367733390,270
367664220,270
367339630,270
367483590,269
316023273,269
338253733,269
338119699,269
338491653,269
316052352,269
368166540,269
338098911,269
367476950,269
235094636,269
338241769,269
368196090,269
368188650,269
378111793,269
338427325,269
368333480,269
338497877,269
368006290,269
368183660,268
319026701,268
367713150,268
367718720,268
316053485,268
338251533,268
345040028,268
368192980,268
338486753,268
338409835,268
338410796,268
367605470,268
367732410,268
367640430,268
338201418,268
338167628,268
338138747,268
367338980,268
338331176,268
338498044,267
367630110,267
367352880,267
367596840,267
338926144,267
338328989,267
338426433,267
368201420,267
367617380,267
367761750,267
338432968,267
367490250,267
338412166,267
368309230,267
316011116,267
338173241,267
368049120,267
338482376,267
368165980,267
368183540,267
367663150,267
367767440,267
378113871,267
368142430,267
338466523,267
368215730,267
338467439,267
367674920,267
368038120,266
368030730,266
338443979,266
367761870,266
338384656,266
563090800,266
316028179,266
367666350,266
368326850,266
316050635,266
338166967,266
366997560,266
338450754,266
368302260,266
338177341,266
368340720,266
368071480,266
368007170,266
338377908,266
338456514,266
368103570,266
367530790,266
338309224,266
367622850,266
538071824,265
338398813,265
257474000,265
316052933,265
338495371,265
316032858,265
368341980,265
338402404,265
338428492,265
368149060,265
367786280,265
338332377,265
338457196,265
367778160,265
366977380,265
367571360,265
338302941,265
338425000,265
367740010,264
367444950,264
311001098,264
338326321,264
338230062,264
338092107,264
338036556,264
368348390,264
367641680,264
367580860,264
368200420,264
338254288,264
368293270,264
338369976,264
368255560,264
338132251,264
368005270,263
368339230,263
338403861,263
338200585,263
368016710,263
368025040,263
538011024,263
368103170,263
367533040,263
636092749,263
338411512,263
368326110,263
338407176,263
338190506,263
368114220,263
338174109,263
366929210,263
316034816,263
316017254,263
367023320,263
367789010,263
367527090,263
367484710,263
367524560,263
338437177,263
431875000,263
316039611,262
368170070,262
338249576,262
316018605,262
338317214,262
636093044,262
367155670,262
319028800,262
367598530,262
338926138,262
338482468,262
367430980,262
368007450,262
368304040,262
367763880,262
367041710,262
338174439,262
235017662,262
338335697,262
368134710,262
338254899,262
368281960,262
366940990,261
367797020,261
338497662,261
338115071,261
367109620,261
338084479,261
368126390,261
338386413,261
338200114,261
316041768,261
192837465,261
368107860,261
338393234,261
367435750,261
368146330,261
338503155,261
368169620,260
232012229,260
368153460,260
366762070,260
368366330,260
412199305,260
338169051,260
338444322,260
367591790,260
338155151,260
367031170,260
538010116,260
338229439,260
338368862,260
338305245,260
203661016,260
338090375,260
338334718,260
338439708,260
338336533,259
368265010,259
368129410,259
367725630,259
368028960,259
311001416,259
367631210,259
368154910,259
338469827,259
367474990,259
431189000,259
367694720,259
367487640,259
367663670,259
338307827,259
338489677,259
368228270,259
338339593,259
367752540,259
367723480,259
368215720,258
338416402,258
338254222,258
368238240,258
319688000,258
316037117,258
368347490,258
316047083,258
368351390,258
338204666,258
338131842,258
367648710,258
367046090,258
368176850,258
316041673,258
368173330,258
338347255,258
368074910,258
338463751,258
367551640,258
367189370,258
239326700,258
368355710,258
338506299,258
368141110,258
367400240,258
368272760,258
367311830,258
368352180,258
368306040,257
367430750,257
338128817,257
316042039,257
368165870,257
338442759,257
338187076,257
368926120,257
338192263,257
367686790,257
338428574,257
368167660,257
368644000,257
338311264,257
366661590,256
367604190,256
368157060,256
353579000,256
368209790,256
368105690,256
367599960,256
368275230,256
319005000,256
366835410,256
338316985,256
338245142,256
316018839,256
367674320,256
368227350,256
367104150,256
316031296,256
347008770,256
636016447,256
368197890,256
369493168,256
367750960,255
338368887,255
338401842,255
367402650,255
338230257,255
367466760,255
368021936,255
303333000,255
338172732,255
338448358,255
367624350,255
368353820,255
338409316,255
338051706,255
368248440,255
368360630,255
338452636,254
316042423,254
368341940,254
563139800,254
368222310,254
316054424,254
368169990,254
338445137,254
338313036,254
368274330,254
338466884,254
367380910,254
338208404,254
338339000,254
368336080,254
338201245,254
338423634,254
338189095,254
368326370,254
366991530,254
338479851,254
368240760,254
369990204,254
311000375,254
338238831,254
244010332,254
368162610,254
316049114,253
368124750,253
366975740,253
338926141,253
316045172,253
338124026,253
368198580,253
338237155,253
338347554,253
338137726,253
338401229,253
338417063,253
368161970,253
368161570,253
368194530,253
316044614,253
338037032,253
338357719,253
563056300,253
367613550,253
338492777,253
338309574,253
338499154,253
338309062,252
338107088,252
338399689,252
368024530,252
367155210,252
338108106,252
367755870,252
368358740,252
338496128,252
338319747,252
368037460,252
316030661,252
636023062,252
319179800,251
338199175,251
367446540,251
368113210,251
338192466,251
338085734,251
338241391,251
367189580,251
366824510,251
338140286,251
338213088,251
369970777,251
367442780,251
338301475,251
338510491,251
367387070,251
338213403,251
338471649,251
338070653,250
338120703,250
338483112,250
338228903,250
338474194,250
368130360,250
338447844,250
368316770,250
368238390,250
368139870,250
368131840,250
338459889,250
338212455,250
367754030,250
366999621,250
338500743,250
368201590,250
366801000,250
316033435,249
367645790,249
368046880,249
338354915,249
338457389,249
316040223,249
368343980,249
338390463,249
367532630,249
366967460,249
368244550,249
338759000,249
368313740,249
368202230,249
339301000,249
368143230,249
367005340,249
368072390,249
367028990,249
338317826,249
338304209,249
316046953,249
367138530,249
338419441,249
368199640,249
368275850,249
477486300,249
338362221,249
316031866,249
338415861,249
512010406,248
367301540,248
316045971,248
338495275,248
316008917,248
367674960,248
303514000,248
368088640,248
338475653,248
368157260,248
367747610,248
338146929,248
368234380,248
338392382,248
338193276,248
367651690,248
338129197,248
368366060,247
368299590,247
338499479,247
367773710,247
367184250,247
255806288,247
368307490,247
338252295,247
338495919,247
338397286,247
367712610,247
338405411,247
368263640,247
338147656,247
367460420,247
367757630,247
368336440,247
368336840,247
338154063,247
338204579,247
338003172,247
338468026,247
338323993,247
338440134,247
319154900,247
367682050,246
338466464,246
366764740,246
369375000,246
367634820,246
538007785,246
368187350,246
338108787,246
338433616,246
799999999,246
368295070,246
368333350,246
367792830,246
367021840,246
368229680,246
368186840,246
368118110,246
368032550,246
367531130,246
338353497,246
338327097,246
368036290,245
316031817,245
338384173,245
378113869,245
338376839,245
367467010,245
366856070,245
368072330,245
368326910,245
338393711,245
368345390,245
321113322,245
368013150,245
232034449,245
338233491,245
338465795,245
338347941,245
368069450,244
338181423,244
368336380,244
368342080,244
338125233,244
338341698,244
368926277,244
368134080,244
338424236,244
367140020,244
338160209,244
367411870,244
367742990,244
368261060,244
368165430,244
367371650,244
338186779,244
316037994,244
368290390,244
367458140,243
338229321,243
369970145,243
338070857,243
338077446,243
338234738,243
368066940,243
316030941,243
368182310,243
368179350,243
338084808,243
338413293,243
636012163,243
338329183,243
338449174,243
316005416,243
538007353,243
338330801,243
367695960,243
367771990,243
636020917,243
368199450,243
367662880,243
338147164,243
367740530,243
367677560,243
368110880,243
338357911,243
338482545,242
338242137,242
316034963,242
338395369,242
316001476,242
316052589,242
538008700,242
338192884,242
316053617,242
367415180,242
368130670,242
368168240,242
636015705,242
338425363,242
338210502,242
338424922,242
338390248,242
338133153,242
368273780,241
376609000,241
367548930,241
367673610,241
366794550,241
369970061,241
338242118,241
366541000,241
367172030,241
338104663,241
338253674,241
338460649,241
368351090,241
338470503,241
367742780,241
368228830,241
367728320,241
367466150,241
366999531,241
367852000,241
319237900,241
338236401,241
338072604,240
338366849,240
316046638,240
338493843,240
338186002,240
338424554,240
310828000,240
338179663,240
368009120,240
338931000,240
338184223,240
577060000,240
338490216,240
338481291,240
338090106,240
368280670,240
338398201,240
338200571,240
368328830,240
338163065,240
368372720,239
368371740,239
368232670,239
338504786,239
338462325,239
338353555,239
368228250,239
232033717,239
338218857,239
338338874,239
316040945,239
368222770,239
368294670,239
368345060,239
366999705,239
205736000,239
367646220,239
367653540,239
367435050,239
338233486,239
369463000,239
368074170,239
338048916,239
369970036,239
366915580,239
367646260,239
565562000,239
367497510,238
338434129,238
368292760,238
338484407,238
538005785,238
368147680,238
367489730,238
338189676,238
367012730,238
368133410,238
338325054,238
367750220,238
338174273,238
367710610,238
316046967,238
338421031,238
338506199,238
338430396,238
368213920,238
305796000,237
636021036,237
338487575,237
338429844,237
367866000,237
367612520,237
338953000,237
367719130,237
563181500,237
368053430,237
338346695,237
338380187,237
366973940,237
338126698,237
338114228,237
367708960,237
368287750,237
368086820,237
367513240,237
338372758,237
367776360,237
368227830,236
338455069,236
366917590,236
316006345,236
338455573,236
338213155,236
368141160,236
368215140,236
367018470,236
366984340,236
369083000,236
338010925,236
367705610,236
367305570,236
367586380,236
338232375,236
316001749,236
338169225,236
338313066,236
338318773,236
367623310,236
636019206,236
316037418,236
367782370,236
368329190,236
367779190,236
982590017,235
368211000,235
367643420,235
232036631,235
369990303,235
232051272,235
367120530,235
338387949,235
338390721,235
338397197,235
338397401,235
366914420,235
368322080,235
368113150,235
338113771,235
316044421,235
338353915,235
368352430,235
369000000,235
367648030,234
368186950,234
215004000,234
368076860,234
316053352,234
368186000,234
368070490,234
366271150,234
367638430,234
367719840,234
367448320,234
368214050,234
367578480,234
368022770,234
338473594,234
338403295,234
338412932,234
338185302,234
367450160,234
338172253,234
368095360,234
368279530,234
338383098,234
636020339,234
368172070,234
367563270,233
538006195,233
316038854,233
338763000,233
338168478,233
367110020,233
338224802,233
367035040,233
368077540,233
368303880,233
316006356,233
368360610,233
369970558,233
338109068,233
538005416,233
367346050,232
338348782,232
367641010,232
368077050,232
338078282,232
368345420,232
338407655,232
338471924,232
538071341,232
378112198,232
338433272,232
367745330,232
338087655,232
566479000,232
368255460,232
367765690,232
367001000,232
338366851,232
371293000,232
368260050,232
368139120,232
368318710,232
368166370,232
343971435,232
338024391,232
368338060,232
367775180,231
368360650,231
367783640,231
338351256,231
338323974,231
338052805,231
338384506,231
368307040,231
368076080,231
338392821,231
338460978,231
316032851,231
338248271,231
338100071,231
338133868,231
368323210,231
338194075,231
368120090,231
368120640,231
368035950,231
338419146,231
338496964,231
368156080,231
367492110,231
367790690,231
367433840,231
367530230,231
366999743,231
316005724,231
538005400,230
368076810,230
338047344,230
366869040,230
219015221,230
319154400,230
338203701,230
368186720,230
367685030,230
366889450,230
366559000,230
368285190,230
367666720,230
367726000,230
336466638,230
338254204,230
368224180,230
316014339,230
368255040,230
338233489,230
367653520,230
368338580,230
367350820,230
367083670,229
368043240,229
369990146,229
368217960,229
338140891,229
368244410,229
338156351,229
378112596,229
338100616,229
367575520,229
338329978,229
538005788,229
311000616,229
338480021,229
338427534,229
338249719,229
338400314,229
338432444,229
368198350,229
338366704,229
352002944,229
366759530,229
338730000,229
338417937,229
316035908,229
477900800,229
368926333,229
338174000,229
232034948,229
338492076,229
338432553,229
338439334,229
338486018,229
367487880,229
368234020,228
316030531,228
636093139,228
367136460,228
338495408,228
338493714,228
367535850,228
338489647,228
338183573,228
338170855,228
316040247,228
366218620,228
367007750,228
338346212,228
338503753,228
367518850,228
367636020,228
338235165,228
366926290,228
368362850,228
367160090,228
368215750,228
338231678,228
369970072,228
367773660,228
316035214,228
368093280,227
326028233,227
338360493,227
367724470,227
368283560,227
338430343,227
368028870,227
367744530,227
367589070,227
338154671,227
338418166,227
338390549,227
338427561,227
369914102,227
316034247,227
338232506,227
338446919,227
338479646,227
367295000,227
368129990,227
367776050,227
368165630,227
367693720,227
538071085,227
368235530,227
368252190,226
368240990,226
338302456,226
367049000,226
338402637,226
368101070,226
368046680,226
538010805,226
383441483,226
338926156,226
338419273,226
367688630,226
338385105,226
368236420,226
338494406,226
232032072,226
316040649,226
368234170,226
338256000,226
338477223,226
316038296,226
338503741,226
367773560,226
338253301,226
338370899,226
338355588,226
367707720,226
366890710,225
316048646,225
338469736,225
367762620,225
367514120,225
338347129,225
338225733,225
338185711,225
228220120,225
338303934,225
369493758,225
366970140,225
367411610,225
338412928,225
356903000,225
775998315,225
338190665,225
368282510,225
338208757,225
367015930,225
338145139,225
368111650,225
368003060,225
316036749,225
368210970,224
338134834,224
368110360,224
338231232,224
367087380,224
367005910,224
338225069,224
316025807,224
368226490,224
367691630,224
338475382,224
367138490,224
338106149,223
367025510,223
338402895,223
338404181,223
338381143,223
338434596,223
368188410,223
368106120,223
368173920,223
367664250,223
338203075,223
338327308,223
368170120,223
378111217,223
338445883,223
368337440,223
413310310,223
368460000,223
368424000,223
373774000,223
367073740,223
316045109,223
338429905,223
338307197,223
338431902,223
538072095,223
368032220,223
338318434,223
316051589,223
367658660,223
338381216,222
368073450,222
338498824,222
338402607,222
367590310,222
367690110,222
338462652,222
366999505,222
338397553,222
368366510,222
338426024,222
368235320,222
338152019,222
368018470,222
368258290,222
338472547,222
369224000,222
367670710,221
338443267,221
368025560,221
338443898,221
338434833,221
367596490,221
367708750,221
367748490,221
368091450,221
368305940,221
367617610,221
338119315,221
338355282,221
367583740,221
338443128,221
368269280,221
378113828,221
338197422,220
368288610,220
338378561,220
368338420,220
368033180,220
368284120,220
367536130,220
412199307,220
338475538,220
316050874,220
366936230,220
366608410,220
367610060,220
338331767,220
316051814,220
368154390,220
367549150,220
316021315,220
636021172,220
338326116,220
338328028,220
367644720,220
368161890,219
339432000,219
338926107,219
367469630,219
377769000,219
338456829,219
367565540,219
338332459,219
338442716,219
367704450,219
368315080,219
367782640,219
368348070,219
367787760,219
368926669,219
367500860,219
366987650,219
368188390,219
338137783,219
368132240,219
367101870,219
369629000,218
316039047,218
338397709,218
338503927,218
311001376,218
368158970,218
338455494,218
368324190,218
316021382,218
338395119,218
338202291,218
338416093,218
338422961,218
366937720,218
316002718,218
367757130,218
338450339,218
368144930,218
367630590,218
338413926,218
368307810,218
338157287,218
368223190,217
338396669,217
232003506,217
367519160,217
367763140,217
211126680,217
368040620,217
368216520,217
338462985,217
319004100,217
412199310,217
367466190,217
368085860,217
368235660,217
368264610,217
367456380,217
235093067,217
368321520,217
338178368,216
367672550,216
338424584,216
518998674,216
338226666,216
368214680,216
338370872,216
316011730,216
563197200,216
338490637,216
367751590,216
367757340,216
368339490,216
338115066,216
368271020,216
338444187,216
338129892,216
368112180,216
367401210,215
368135650,215
368230090,215
316026173,215
367517140,215
368318010,215
338237815,215
338494361,215
338394511,215
338205064,215
269116410,215
368314310,215
319848000,215
338392582,215
368046090,215
338130835,215
368289310,215
338138881,215
316007789,215
368292580,214
367575120,214
372067000,214
338451908,214
368110980,214
873370094,214
368007110,214
367397340,214
338369827,214
369146000,214
369970069,214
368122880,214
338317122,214
367780890,214
367031110,214
367713990,214
368248960,214
368278230,214
368882000,214
338337433,214
338423807,213
338380535,213
338311105,213
367581620,213
338433322,213
367550290,213
338176511,213
338368555,213
366997280,213
338421135,213
368300260,213
367170370,213
338128608,213
366831560,213
367171520,213
368328390,213
316002799,213
368300920,213
368357120,213
367508570,213
338443318,212
368219440,212
368321090,212
338069102,212
368353830,212
368288570,212
316053427,212
367045170,212
367653670,212
338348029,212
338304000,212
368203380,212
477991618,212
368240610,212
319048100,212
368295340,212
368258790,212
338473604,212
366723610,211
366122640,211
368233840,211
338373511,211
367451780,211
444444444,211
367010770,211
368021980,211
367777010,211
338156367,211
367553870,211
368292850,211
369493126,211
338469676,211
368217730,211
367357330,211
338031736,211
338392199,211
316044334,210
338489788,210
316042926,210
338113529,210
338491322,210
338323111,210
338121718,210
368207380,210
368334850,210
316003289,210
367054560,210
338090228,210
538004184,210
368364720,210
316022844,210
211705870,210
338146597,210
338414713,210
368260290,210
368055020,210
316029645,210
316009813,209
368245020,209
367501160,209
338222412,209
338302657,209
368252890,209
338103226,209
368260620,209
368015170,209
338124812,209
338322031,209
338123213,209
338331774,209
338302402,209
368132060,209
338398234,209
367702110,209
338398779,209
368242360,209
368896000,209
367657750,209
368296680,209
368926289,209
368926691,209
538071345,209
338434411,209
338165946,209
367512210,209
367148420,209
366868850,209
368286790,209
367470740,209
368363410,209
316005154,209
338307705,208
338424976,208
368323140,208
367776390,208
338409969,208
229602000,208
229010000,208
374779000,208
368303680,208
368187060,208
367419720,208
338486745,208
316048842,208
367567410,208
366907630,208
369872000,208
338336747,208
636018055,208
368248620,207
367452360,207
367537630,207
338320146,207
338468252,207
338387493,207
338198206,207
368201040,207
338451753,207
338103365,207
316005636,207
538071955,207
636019178,207
338368009,207
368031010,207
338403008,206
367565830,206
338473688,206
338308789,206
338316876,206
367127060,206
368187760,206
368366460,206
368320610,206
367714960,206
367657150,206
368256510,206
366054900,206
368128810,206
338472905,206
367719910,206
338497305,206
367681580,206
367142510,206
538009364,206
338238646,205
338391513,205
367515870,205
338405844,205
367690480,205
311000913,205
316012121,205
338440977,205
368323870,205
378114203,205
338188947,205
338363639,205
338372665,205
338211991,205
367434220,205
368152530,205
338470871,205
338372262,205
367714540,205
538005773,205
368044640,205
368317370,205
338480259,205
368112000,205
338439091,205
338447695,205
338402161,205
368365230,204
352082000,204
232038083,204
338470898,204
338218119,204
368194140,204
367766470,204
371765000,204
338408247,204
414639000,204
367777850,204
367391340,204
338465256,204
366986120,204
338134096,204
368115910,204
338491746,204
338450938,204
338317847,204
367321850,204
368325430,204
367165570,204
338304546,203
338054125,203
368141320,203
368139220,203
338429455,203
338196442,203
338481698,203
338202326,203
338429353,203
367710580,203
338410806,203
338403054,203
368058130,203
368165460,203
368195840,203
368218340,203
338446675,203
338399528,203
338505349,203
368264720,203
338165266,203
367615170,203
338101319,203
316036419,203
368164120,203
338439171,203
338352596,203
316044056,202
367541790,202
338095988,202
368170770,202
368077170,202
367726580,202
338153238,202
338441927,202
369990403,202
338197353,202
367375090,202
338394689,202
368065260,202
368108480,202
338145225,202
339363000,202
367759990,202
338211917,202
338354948,202
338398754,202
366999011,202
316016387,202
338498525,202
368125310,202
338428759,201
338219167,201
338065262,201
367619720,201
368163160,201
338446543,201
338417017,201
368315830,201
367779290,201
338427581,201
368212730,201
538008201,201
636017832,201
378112988,201
316001670,201
368311110,201
338926657,201
368291820,201
368926051,201
368198510,201
369735000,201
338361475,201
338502284,201
316050744,201
338492772,201
367321050,201
367687930,201
338401688,201
338224687,201
338309005,200
366714000,200
376093000,200
367787830,200
338336854,200
338152401,200
338237373,200
775998931,200
367645460,200
338175576,200
338242476,200
338407217,200
338210083,200
366999409,200
338433008,200
367610650,200
338303548,200
338386572,200
338329348,200
368366680,200
368171810,200
338303582,200
338248921,200
366932020,199
338207332,199
366999624,199
316044191,199
367642480,199
368316940,199
316041881,199
316003760,199
367335820,199
367721550,199
338092137,199
338310919,199
368031260,199
367379210,199
338926154,199
316021142,199
338406747,199
316030067,199
368030250,199
369493093,199
316014858,199
316018453,199
368352790,199
368008820,199
369970534,199
368364340,199
338218148,198
338926101,198
368322820,198
367765380,198
368926302,198
338171368,198
316047701,198
368145080,198
368310330,198
368280680,198
367103140,198
338472118,198
368331390,198
338463827,198
368172000,198
232041028,198
366976760,198
368173060,198
367611230,198
373606000,198
338344206,198
345040033,198
368238670,198
367461780,198
338428701,198
368215830,197
366999302,197
367621460,197
338071513,197
368206680,197
338439123,197
338393938,197
338102458,197
338403784,197
338449406,197
338034000,197
338219217,197
338087575,197
366831250,197
368243020,197
338376243,197
368049260,197
368048590,197
368194410,197
367690930,197
338494235,197
338085441,197
367585910,197
367186000,197
338332651,197
368340870,196
311315000,196
338434641,196
369990406,196
368198290,196
367097240,196
338926151,196
367461380,196
368164680,196
338466953,196
367005280,196
368237650,196
338373674,196
338451986,196
209727000,196
367571480,196
367777890,196
316038116,196
338204032,196
338228037,196
367550670,195
368331170,195
338246736,195
316053436,195
338086179,195
338403538,195
368165380,195
367461350,195
369501000,195
368010120,195
338334269,195
366766000,195
338330032,195
338327591,195
367658480,195
338491605,195
368209260,195
316016663,195
368229090,195
368229770,195
367562850,194
367499890,194
316037785,194
338926167,194
368244850,194
338473851,194
367096850,194
338107196,194
368070120,194
368287880,194
366940550,194
538008872,194
368179480,194
368353490,194
316017581,194
338246879,194
338458565,194
368074070,194
338449585,193
368160870,193
368219820,193
219154000,193
368166560,193
316053774,193
338440157,193
367719310,193
368365780,193
368109880,193
338493095,193
338382282,193
368230620,193
368321850,193
368242000,193
367665030,193
338468952,193
316013412,193
229074000,193
338236002,192
368184640,192
338201274,192
232036021,192
338364108,192
338489831,192
368208480,192
338454797,192
338454234,192
338236583,192
367378970,192
338490685,192
338473747,192
338430138,192
368164330,192
366963310,192
304010983,192
338493261,192
366845390,192
368211590,192
367613970,192
367314110,192
368138280,192
368008070,192
338363683,192
477282900,192
366906550,192
316027235,192
368214910,192
368095940,191
366821230,191
366969860,191
338239847,191
369990217,191
671947000,191
636020882,191
338424965,191
338468333,191
338461919,191
338333304,191
311000623,191
367466310,191
319551000,191
368239350,191
368184180,191
338066023,191
338472007,191
368152670,191
368144870,191
369990257,190
367460910,190
366990540,190
367444230,190
338302255,190
368309860,190
338402425,190
338243224,190
366983940,190
338428053,190
338175581,190
368126430,190
338472787,190
338447097,190
368251350,190
368082350,190
368118070,190
367785160,190
338236907,190
227096280,190
368268460,190
250002217,189
338032429,189
563049700,189
367567480,189
367563930,189
369493300,189
368207980,189
338435899,189
338189834,189
338387078,189
369970068,189
338491819,189
368051280,189
338409411,189
338075341,189
338319643,189
338434258,189
316028837,189
338444433,189
367662140,189
368256690,189
338394616,189
338312027,189
636019176,189
368040360,189
338500024,189
368006220,189
636021321,188
338474741,188
338312537,188
338484134,188
368147740,188
368188740,188
338141024,188
338325347,188
368295210,188
338478209,188
338142839,188
368024750,188
338390238,188
316018756,188
338213838,188
338229581,188
367057330,188
378113005,188
338502305,187
304519000,187
338401398,187
367645940,187
316051329,187
366995190,187
316028942,187
367188470,187
368277850,187
368117340,187
366999399,187
367743280,187
321113344,187
368259780,187
367086860,187
368055180,187
538004644,187
368125830,187
338485675,187
366948280,187
338125476,186
338438928,186
368364080,186
338454981,186
338153875,186
368139380,186
338080663,186
366808550,186
368163670,186
338489452,186
368331320,186
338322535,186
367609790,186
338311744,186
338332059,186
368254960,186
338405481,186
316017723,185
367316910,185
338340227,185
338011252,185
338485768,185
369990402,185
338459295,185
338108969,185
338439854,185
338434838,185
316046945,185
368252580,185
338441986,185
338395156,185
319125100,185
338441836,185
338095309,185
338498222,185
339481000,185
338494973,185
368276250,185
338378225,184
369494593,184
368197280,184
367652310,184
338439855,184
368016070,184
338465304,184
338407351,184
338126402,184
338416613,184
368355980,184
368314920,184
338326858,184
367754980,184
372178000,184
368249350,184
368305480,184
366207630,184
236111479,184
367777320,184
368083660,184
338498734,184
338064000,183
368225180,183
367716010,183
503363200,183
338158603,183
368185610,183
368304990,183
368145210,183
338169482,183
368089930,183
366745490,183
369494592,183
368176690,183
338237419,183
338485179,183
368026290,183
366051200,183
367795560,183
338485531,182
367600480,182
368295370,182
367121000,182
316005618,182
367395490,182
338207036,182
368926030,182
338073638,182
368233810,182
338055282,182
368294050,182
338300221,182
338339307,182
368302710,182
368329020,182
338098853,182
338333038,182
338400293,182
101010101,182
338300516,182
367547560,182
316001369,182
538070966,182
368056000,182
367421980,182
368366690,182
227000000,182
316022028,182
338405913,181
367533170,181
338382065,181
338337478,181
338442586,181
368285960,181
316042425,181
338325505,181
368926689,181
368051000,181
338314000,181
338447673,181
366818870,181
367727120,181
368080540,181
310787000,181
338450481,181
338446832,181
338926622,181
338029895,181
338109294,181
338218769,181
338440082,181
366957690,181
378113393,181
338472515,181
338230284,181
368256810,181
368247080,180
338427981,180
368175550,180
316055267,180
367639990,180
366849150,180
338470837,180
368214000,180
338314489,180
316036233,180
338185342,180
367479950,180
338247775,180
338147153,180
367571170,180
368148890,180
367315010,180
338129877,180
368331190,180
563096700,180
338126408,179
367799550,179
235079859,179
219683000,179
368132710,179
338349825,179
538004217,179
367645910,179
338392514,179
338387662,179
338597000,179
368369320,179
338208033,179
367761030,179
338202626,179
338429021,179
368303580,179
367149550,179
368192380,179
563053000,179
368192670,179
338435137,179
338303483,179
369970071,179
368270210,179
367350970,179
368244750,178
338510077,178
368365970,178
316045077,178
366882430,178
338145314,178
368031130,178
367771760,178
612345678,178
338443264,178
338159317,178
338147636,178
338353903,178
338492864,178
338364225,178
538071334,178
338392952,177
368055000,177
368332540,177
367522820,177
368282490,177
367034330,177
338362228,177
338425564,177
367791540,177
368032990,177
367375550,177
367760810,177
368355170,177
368290350,177
367773020,177
368202620,177
316004787,177
378113149,177
369990247,177
338323239,177
338504488,177
368095060,177
338926604,177
367649150,177
369970940,177
209264000,177
367483890,177
368284720,177
338489828,177
368056280,176
338140178,176
338386882,176
368236440,176
338223929,176
338217706,176
338467066,176
367485720,176
367369630,176
368117330,176
368077220,176
338504527,176
367635140,176
338215174,176
338237365,176
367416060,176
368373620,176
368285450,176
338318385,176
368048160,176
368326970,176
367700190,176
338314424,176
316035282,176
367776060,176
352001233,176
367439250,176
338091675,175
368181460,175
368255510,175
368151230,175
368126740,175
338443468,175
367502040,175
338177908,175
316004055,175
563509000,175
338208292,175
316018828,175
338312031,175
215000139,175
367706230,175
366732590,175
533130964,175
368250890,175
241281000,175
338492078,175
338187302,175
338317615,175
338474228,175
241649000,174
338437448,174
338442282,174
338485555,174
367694980,174
338164876,174
367063220,174
338486803,174
368248540,174
368926078,174
338397957,174
303591000,174
366999973,174
338170444,174
366496000,174
370269000,174
368203180,174
367490230,174
338305973,174
368124340,174
368348630,174
368083080,174
369970073,173
338107096,173
368298060,173
368325070,173
367753580,173
367127330,173
367010360,173
316024041,173
338480033,173
368710000,173
338397407,173
367676220,172
368192060,172
366999309,172
338144609,172
368311000,172
338170143,172
338353469,172
338478000,172
316025456,172
636017540,172
338469362,172
367445590,172
338485646,172
368069230,172
338444656,172
366878170,172
316030692,172
338351341,172
316031155,172
338328497,172
338470433,172
368035780,172
338110332,171
367020650,171
368071490,171
338197212,171
338365039,171
368107940,171
316053241,171
338468415,171
316021756,171
636017858,171
368274170,171
367637310,171
368043680,171
366966910,171
367636930,171
369493762,171
368245370,171
366895160,171
366946090,171
338308768,171
368010460,171
316050437,171
338926109,170
367429210,170
367335230,170
338203533,170
338498802,170
338367364,170
368981000,170
369155000,170
316054683,170
338472879,170
367024340,170
367568960,170
368181950,170
367767060,170
338456125,170
368078044,170
338056495,170
368271450,170
316026058,170
338099486,170
377679000,170
367385140,170
368282520,169
367623370,169
338494729,169
367089990,169
338072049,169
316001262,169
367181550,169
368219350,169
368149740,169
367162510,169
303475000,169
338339378,169
338396913,169
338386019,169
368152580,169
368224390,169
368216660,169
367650550,169
338253712,169
368323950,169
368336480,169
368097380,169
338439607,168
368362490,168
368027910,168
368116430,168
236538000,168
316052231,168
338169191,168
367333180,168
316044057,168
338176382,168
338069027,168
368926560,168
369970304,168
338189443,168
367025970,168
368089560,168
366999645,168
338399728,168
367664730,168
316006859,168
368087150,168
338421272,168
368033070,168
368083910,168
368026630,168
367717960,168
338493809,168
338439482,168
368296650,167
338214082,167
367082310,167
338152525,167
338447795,167
338141662,167
338104454,167
338239558,167
368166920,167
368031120,167
338210432,167
338143697,167
338420136,167
338391433,167
338090232,167
368232790,167
338367711,166
338384136,166
367724690,166
367558770,166
368347530,166
338105147,166
368217060,166
368127650,166
338384148,166
368188640,166
368098250,166
367139770,166
338999222,166
338024829,166
367662350,166
368343760,166
338228816,166
338152413,166
316054009,166
367496520,166
316050855,166
512008449,166
368275000,166
366047800,166
338463744,166
368358860,166
368120010,166
316003008,165
368112250,165
338365894,165
368096920,165
338353969,165
369990347,165
368237050,165
338182965,165
338407756,165
338082663,165
338192597,165
319246700,165
538006010,165
367027990,165
246244000,165
338154595,165
338433483,165
368181590,165
369970273,165
338444847,165
368187790,165
338351697,165
369990281,165
338082917,165
338459834,164
338494869,164
338389913,164
338926424,164
338422111,164
368331720,164
338440257,164
368233010,164
367300660,164
338335017,164
367736750,164
338353147,164
367459520,164
338460814,164
367782110,164
338495882,164
338494957,164
367701480,164
338926102,164
338468914,164
338164866,164
367548090,164
338434459,164
367562360,164
338164184,164
316054044,163
316003015,163
316054136,163
338248598,163
441754000,163
338126961,163
366999957,163
368187630,163
368123350,163
367405820,163
338168433,163
338335652,163
316045422,163
316050249,163
368232560,163
538008887,163
338432757,163
368255910,163
368635000,163
368227160,163
538071059,163
368214420,163
338218868,162
232051632,162
309906000,162
311064600,162
338408513,162
338218939,162
338424354,162
367516920,162
338311741,162
366949730,162
232044604,162
338116929,162
366595000,162
338465463,162
338355292,162
338391599,162
367661050,162
338472294,162
367769450,162
367642060,162
338118851,162
316030832,162
338423334,162
338454472,162
338129859,162
338467778,162
367614080,162
378113353,162
338379662,162
338472538,162
316047045,162
338274000,162
338244719,162
367692310,161
367460970,161
367406730,161
338484699,161
367096310,161
368244770,161
367411970,161
236072000,161
366987910,161
338926938,161
366907550,161
368055660,161
338501449,161
338225846,161
368367810,161
367709890,161
316044861,161
367581830,161
368303120,161
368078190,161
338432955,161
367761880,160
367796530,160
369970066,160
338423264,160
338382619,160
367509360,160
338152276,160
368000210,160
338419245,160
338360785,160
338335878,160
338188535,160
338301642,160
368073000,160
368120670,160
338387717,160
338501696,160
366991750,160
367791550,160
338386683,160
368112980,160
232703015,160
367744840,160
369970796,159
366972280,159
367164350,159
305245000,159
338363403,159
367318340,159
367366880,159
338241543,159
316035557,159
367671440,159
232024553,159
367731610,159
367006790,159
244023610,159
368290620,159
366999630,159
366926980,159
338138721,159
368217690,159
109080240,159
319030100,159
367763060,159
338404767,159
316043225,159
538009825,159
338397678,159
338419389,159
431058000,159
368345280,159
367178530,159
367742750,159
338492048,159
368129290,158
338926114,158
368343240,158
338156176,158
338019531,158
338154885,158
338251621,158
368314210,158
368288130,158
338477611,158
378113587,158
368365530,158
367421830,158
368067390,158
338465633,158
368018180,158
368232340,158
338119289,158
338457473,158
316053962,158
368088510,158
369385000,158
367501380,158
369493742,158
338472366,158
319098001,158
368231890,158
368295920,158
368354160,158
338312689,158
310594000,157
338327396,157
369970595,157
338346387,157
338438937,157
367725570,157
338493278,157
368183150,157
368121440,157
338369008,157
244750715,157
367757980,157
636021822,157
338400643,157
368301140,157
338377662,157
368186680,157
368222210,157
368014440,157
368226240,157
368046770,157
338250033,157
368370580,156
367353560,156
338351374,156
367792590,156
367102270,156
368316290,156
367648320,156
338463488,156
338140284,156
367740050,156
338213842,156
368232610,156
369990207,156
338225216,156
338353394,156
367501210,156
367130410,156
368050350,156
367391510,156
368320760,156
338209883,156
338050574,156
367333190,156
338472545,156
338314644,155
367616680,155
338243685,155
316001341,155
366803040,155
367471360,155
316002184,155
368146140,155
338325118,155
316026666,155
367599320,155
368243440,155
367688530,155
367115520,155
338482346,155
316031625,155
368048260,155
367794290,154
338482225,154
368294390,154
366867570,154
368019630,154
368019670,154
338110361,154
368101780,154
338084279,154
367434630,154
368110120,154
338429655,154
367765760,154
366750620,154
368216060,154
368261070,154
338205457,153
367345430,153
338251418,153
775992336,153
367009810,153
367652470,153
636020822,153
319207500,153
338225099,153
366991478,153
338190723,153
338395297,153
338227917,153
368333860,153
367402440,153
338177871,153
367721720,153
367096560,153
338168042,153
338476449,153
367464090,153
368073010,153
368302490,153
367447150,153
338145389,152
338330516,152
338480825,152
367609680,152
367377020,152
338447531,152
369990195,152
316115000,152
338331071,152
367687650,152
338196725,152
338469674,152
368926312,152
368293860,152
368242080,152
338442473,152
338482312,152
338484763,152
338472873,152
367771730,152
338496724,152
368147890,152
368183160,152
368117610,152
338353699,152
367702630,151
368375430,151
368316340,151
338245778,151
338424862,151
368051230,151
368344650,151
338433837,151
338401968,151
338039395,151
367554930,151
368086880,151
338334481,151
367136030,151
338238711,151
338492411,151
338401206,151
338473236,151
338473358,151
338123108,151
338302175,151
368263730,151
338352228,151
367334660,151
368186410,151
338501047,151
338479495,151
378158000,151
338226488,151
367654010,151
636019142,151
310625000,151
367743380,151
338156143,151
368297360,150
368154680,150
368168350,150
316016542,150
338175209,150
338134291,150
226335000,150
367770690,150
338483602,150
338205483,150
338434837,150
368163390,150
338443373,150
366823550,150
338161094,149
368077310,149
316052041,149
338169709,149
369493020,149
368030050,149
368282750,149
316053257,149
316023683,149
338108402,149
338400387,148
338071028,148
314956599,148
338243753,148
368232810,148
368101510,148
338377144,148
366963160,148
338926142,148
338237446,148
338414664,148
316050863,148
338251798,148
345020018,148
316031388,148
338398241,148
368023060,148
316048905,148
368234050,148
235099157,148
338926649,147
316001171,147
338501748,147
538005567,147
369990271,147
338076437,147
319286600,147
338410026,147
367448670,147
367513250,147
367619370,147
368030940,147
316024776,147
367016050,147
319239600,147
338171892,147
367731130,147
368006910,147
368166590,147
338926119,146
338486889,146
338303918,146
367412710,146
367286000,146
368121320,146
316039229,146
368196970,146
367612350,146
368265030,146
368217460,146
232035863,146
367478310,146
368116260,146
368236980,146
338423966,146
338325473,146
368092210,146
338337355,146
367643760,146
368276080,146
338353395,146
368285530,146
367441520,146
338229508,146
368251310,146
368277130,146
367173220,146
636023059,145
316051489,145
368164580,145
338497912,145
338434994,145
338415962,145
378391000,145
368188160,145
319204800,145
368333720,145
316030658,145
338325605,145
367685780,145
338475752,145
367633430,145
368064770,145
338126043,144
338350895,144
338129234,144
338307745,144
367030980,144
563001900,144
338467000,144
255805893,144
338423562,144
368307060,144
368053880,144
369050000,144
368265590,144
338108647,144
367313430,144
319175300,144
338250543,144
338200249,144
338926160,144
368046510,144
368168710,144
338354496,143
338202768,143
367786540,143
338108736,143
367450890,143
316052000,143
538002089,143
367704790,143
538006164,143
338082855,143
636019179,143
338495703,143
368255250,143
316040353,143
338245114,143
368225580,143
338361703,143
368187730,143
316011212,143
345090012,143
368319320,143
338334526,142
367630990,142
367414780,142
367113790,142
368012130,142
338353475,142
367467740,142
338396317,142
338346512,142
338435486,142
338129052,142
367789650,142
316040257,142
338325988,142
338434579,142
368220210,142
366948840,142
338234208,142
338491282,142
367699150,142
368284090,142
367351190,142
253690000,142
338365315,142
368294780,142
368160750,142
367151830,142
338390239,142
338430729,142
368156340,142
368368930,141
338393696,141
368085810,141
368254850,141
316021673,141
338098447,141
367714750,141
368284110,141
338387016,141
338347948,141
368150440,141
367360560,141
338058098,141
338561000,141
369990405,141
338057202,141
338450473,141
369970629,141
368194650,141
338479567,141
338199243,141
338205715,141
368000910,141
368177780,141
338374911,141
316003663,141
338248571,140
368186270,140
338202799,140
338228075,140
368298920,140
368240000,140
367601760,140
367753540,140
538005113,140
368130180,140
368198190,140
338504841,140
369970556,140
368101750,140
367579030,140
368325350,140
367789430,140
367795630,140
316044985,140
338357776,140
338465444,140
338404457,140
368223330,140
338401255,140
367175570,140
338400362,140
338465755,140
338225786,139
338158962,139
367672770,139
338125869,139
538071994,139
368364360,139
367145360,139
316052094,139
338453684,139
229767000,139
367345980,139
338167706,139
368266550,139
368337640,139
316023364,139
352142000,139
338382757,139
316051745,139
338506965,139
367773380,139
338926137,139
368319340,139
338199197,139
368242650,139
338503737,139
338366501,139
367453520,139
367091270,138
305822000,138
367531640,138
367501450,138
338426522,138
368330090,138
316001249,138
338421617,138
367189510,138
368210220,138
367578130,138
367351560,138
303681000,138
368301610,138
338215021,138
338215205,138
367662450,138
368238840,138
338485394,138
338246809,138
338136258,138
367701350,138
367070050,138
366999148,138
636023368,138
338386487,137
367454680,137
338495477,137
338417001,137
368325940,137
103669999,137
367642270,137
316032449,137
367119050,137
368362910,137
367159070,137
338461164,137
338483035,137
369713000,136
367731170,136
368024030,136
316047876,136
316026305,136
316048588,136
368302140,136
338407702,136
367413430,136
338029426,136
368278540,136
368259160,136
367525660,136
368133190,136
316043287,136
316042004,136
316007566,136
368353430,136
368066040,136
368276220,136
368364320,136
367683680,136
368191810,136
367758940,136
367637190,136
338387749,136
211107900,136
338376062,135
338309612,135
316001222,135
338339647,135
316048258,135
368237410,135
368325670,135
338470264,135
367426770,135
338499599,135
367451370,135
369970559,135
338889000,135
338209708,135
338498843,135
338445561,135
338448968,135
368261880,135
367045120,135
368094990,134
316013040,134
367276000,134
338375114,134
367336720,134
338926168,134
368252630,134
338162526,134
338253081,134
368127170,134
338437232,134
367133250,134
368126140,134
338097002,134
316005374,134
338208464,134
338504845,134
367355440,134
338355000,134
338462875,134
338158983,134
538010360,134
338380021,134
367174090,133
338366013,133
338145391,133
338400216,133
338157867,133
368114570,133
368111890,133
338311595,133
368146980,133
368086950,133
368313340,133
368048070,133
338423366,133
338450617,133
367017550,133
338471842,133
338496615,133
316047349,133
368349790,133
338493905,133
338239837,133
316023437,133
367688840,133
367591090,133
109080243,133
367643980,133
338070931,133
316051838,133
338433377,133
338471449,133
338495681,133
338495876,132
368164780,132
316053686,132
367700430,132
368246960,132
367688370,132
338354886,132
367550060,132
368329850,132
368333470,132
369990360,132
367110740,132
366846740,132
367746010,132
338216753,132
316050305,132
338190743,132
367762980,132
367498120,132
338926173,132
338431215,132
338169105,132
368140370,132
636024021,132
636093140,132
338351812,132
338186031,132
367147350,132
338145695,132
636021529,132
338335047,131
338354244,131
367327340,131
316053876,131
338183593,131
366999004,131
368261040,131
367037050,131
367151590,131
316028723,131
367707680,131
338623000,131
338320284,131
338137903,131
338403102,131
338490478,131
338331057,131
338427287,131
368318840,131
338119829,131
368354130,131
338465607,131
338217318,130
316005601,130
367652880,130
338926130,130
329021390,130
338411511,130
338329872,130
368180570,130
378112084,130
357117000,130
367120750,130
367656310,130
368088750,130
338234023,130
338134127,130
368153180,130
338188067,130
367067950,130
369970745,130
256285000,130
338376401,130
338385704,130
338485513,130
316008755,129
338252531,129
367724350,129
368200820,129
367794230,129
338233223,129
338435854,129
369970473,129
338337624,129
563094400,129
316044345,129
338223829,129
368047870,129
338483382,129
338406205,129
338364112,129
338202457,129
338413053,129
367776370,129
338107221,129
238674540,128
368128950,128
368926574,128
368148420,128
416475000,128
338460449,128
338312741,128
369990289,128
368364930,128
338488176,128
368069320,128
338425955,128
338308984,128
338302017,128
214999189,128
338500561,128
338500216,128
368245920,128
338455497,127
338461147,127
366904470,127
366993820,127
316037728,127
338350717,127
368319150,127
338233166,127
367663410,127
369493704,127
367751580,127
368157830,127
338446145,127
368349840,127
368057170,127
338353702,127
367169000,127
368305760,127
319188300,127
338470518,127
338353703,127
316053965,127
368175050,127
338926438,127
338154299,127
338306855,127
338926146,127
338451273,126
368252210,126
338475302,126
338394019,126
368124430,126
316048989,126
375191000,126
368255310,126
338307771,126
338501371,126
316026487,126
367698060,126
338926623,126
368261370,126
316001247,126
518100533,126
329021940,126
316026565,126
368029640,126
368189770,126
338487271,126
338483986,126
109070070,126
338308086,126
338440299,126
368246350,126
367493650,126
338459645,126
413790184,126
338460653,126
316001453,125
367481380,125
368020210,125
366874550,125
316029652,125
367791090,125
367662930,125
338427291,125
538009550,125
338382174,125
367321640,125
338362794,125
338501527,125
538008271,125
338300647,125
338099551,125
338122077,125
338051404,125
368077670,125
369278000,125
563073700,125
305291000,125
367752090,125
338146676,124
338325077,124
338352913,124
338408648,124
323000901,124
207832820,124
212917000,124
367791520,124
368032230,124
367793110,124
338144392,124
369914070,124
367094520,124
338236607,124
316024114,124
338390356,124
338161924,124
378113256,124
367558730,124
338448044,124
368193350,124
316016188,124
338183316,124
368147000,124
538071395,124
367133950,123
367730820,123
368119580,123
367158380,123
316026688,123
564329000,123
367537060,123
368322670,123
366999388,123
367362410,123
338173626,123
367600830,123
368216560,123
368064840,123
368128490,123
338337339,123
338926104,123
316012580,123
338248599,123
316001659,123
338164182,123
338252662,123
229000821,123
338481523,123
338179608,123
338141846,122
368273540,122
368279850,122
367304080,122
316039275,122
338395325,122
316005651,122
338189000,122
338926112,122
366850380,122
338429698,122
378114219,122
368275980,122
338386305,122
368116270,122
368158150,122
636019794,122
368313160,122
368047530,122
538071513,122
338115601,122
338926111,122
368130630,122
338347057,122
338499001,122
338349866,122
368263030,122
369990261,122
368349260,122
338460564,122
367021170,122
368090160,122
338898000,122
368205650,121
255804750,121
338332146,121
316039008,121
368012220,121
368150570,121
367074460,121
368308070,121
316034449,121
368166130,121
338314621,121
338359583,121
316026519,121
338404599,121
368255770,121
367640280,121
338421014,121
368257060,121
338355409,121
338507389,121
368284450,121
368297990,121
338441378,121
338502515,121
367624510,121
367449480,121
338213425,120
338424903,120
338213215,120
305655000,120
367654320,120
338248597,120
338232663,120
338455044,120
316005774,120
338319605,120
368148710,120
563186600,120
338356169,120
209388000,120
368023830,120
316021617,120
367449660,120
368350110,120
338399511,120
338186931,120
338186247,120
209739000,120
338165339,120
338205671,120
367763020,120
338434018,120
368258040,120
368251270,120
338236906,119
338179488,119
338150265,119
232043205,119
338484565,119
338319632,119
338447313,119
338394625,119
368094410,119
367563670,119
368314020,119
316027005,119
338131547,119
338480886,119
338023314,119
338505709,119
338459754,119
368103630,119
538071703,119
316047555,119
338149258,119
366876510,119
338461014,119
368252990,119
235002111,119
339022000,119
316051058,119
366755760,119
368224990,119
368031950,119
338506356,119
338123624,118
367326660,118
338337592,118
338510097,118
368197630,118
368360040,118
338142959,118
369990461,118
338400974,118
338492624,118
368142650,118
338187745,118
338060425,118
368148260,118
338422571,118
338498393,118
316015439,118
338118417,118
338197796,118
338463559,118
338443878,118
368261050,118
316029092,118
338443474,118
368132550,117
338241914,117
109070073,117
316003878,117
369990279,117
311000619,117
368334890,117
368147110,117
338078421,117
368210860,117
367424790,117
338108766,117
366936650,117
338129119,117
338377517,117
316033419,117
338475511,117
368101370,117
367014480,117
368217120,117
369493665,117
338400423,117
369493640,117
368284080,117
232039673,117
368347590,117
338595000,117
338080954,117
368360390,117
368236170,117
338378335,117
338476311,116
316006075,116
338392351,116
338431106,116
338312656,116
374254000,116
366950410,116
367785960,116
338342595,116
316047946,116
319266500,116
368147690,116
338395805,116
368177820,116
338147966,116
368203490,116
368131680,116
368191980,116
367752660,116
368235240,116
367373860,115
368223380,115
367014000,115
338304002,115
355469000,115
338142437,115
368310780,115
477940500,115
367375650,115
338495071,115
255806337,115
338320709,115
338192535,115
369990184,115
368263080,115
503090940,115
338397448,115
538090663,115
368357440,115
338498345,115
338173348,115
338192665,115
368342090,115
338491113,115
367765290,115
338309762,114
368172880,114
241404000,114
338324347,114
338031555,114
368283090,114
338505711,114
368119620,114
338460636,114
316039636,114
257277000,114
367722030,114
368008410,114
367709160,114
316005621,114
338445141,114
338399375,114
338175256,114
244013172,114
368344880,114
338464266,114
367010750,114
367683380,114
368349630,113
316047053,113
367325910,113
316032597,113
368258610,113
366753000,113
368156130,113
378114143,113
368254780,113
368003620,113
338392692,113
367781120,113
368110030,113
338416125,113
338418209,113
338351232,113
367651550,113
368000150,113
367649630,113
367684370,113
235086311,113
368154020,113
368289940,113
338240639,113
368055440,113
368265980,113
368108110,112
368095110,112
367720560,112
338126745,112
368303920,112
338363915,112
338326955,112
367556980,112
338310827,112
368262160,112
338314455,112
338098588,112
338459000,112
367778740,112
338245712,112
338165894,112
338330977,112
367657060,112
338394797,112
368168400,112
367755360,112
338490687,111
338339408,111
367643110,111
338319233,111
368186460,111
367479390,111
368068440,111
338398334,111
338433184,111
368222930,111
367148710,111
366999274,111
211809150,111
338083551,111
367507190,111
338394282,111
338467752,111
338170578,111
338491222,111
338436453,111
311014100,111
338331633,111
338371742,111
338417076,111
368341750,111
214999198,111
338132758,111
338094768,111
338478112,111
369990133,111
338181425,111
338491259,110
368583000,110
368248330,110
367655460,110
367634160,110
338346053,110
338488422,110
338023483,110
338449035,110
338330478,110
368177030,110
338203785,110
367396610,110
368257460,110
538071679,110
338246843,110
338060123,110
338478677,110
316042449,109
258075000,109
369493633,109
368275690,109
338202605,109
367122360,109
338362435,109
338244366,109
367199280,109
367753840,109
338345202,109
366997320,109
338463484,109
368054840,109
316046085,109
368326630,109
316034616,109
368250320,109
338441706,109
368315210,109
366985030,109
338171267,109
368247620,109
369494396,109
338396312,109
338418396,109
345080027,108
338348917,108
316048153,108
369990199,108
338117307,108
248660000,108
368226590,108
367470460,108
316036599,108
368155570,108
338503871,108
339686000,108
338115762,108
368104510,108
368118220,108
338359786,108
338312319,108
369990263,108
368274210,108
338079694,108
338402309,108
367512930,108
367361840,107
367605280,107
368319020,107
338420199,107
369493672,107
338164131,107
338186925,107
367140730,107
338194303,107
367104520,107
338427125,107
338402429,107
338357749,107
316051675,107
338227572,107
338169328,107
338425802,107
338480841,107
338430397,107
338464385,107
338236599,107
368365990,107
368279650,107
366989850,107
367626890,107
338229487,107
368193870,107
367649410,107
368307410,107
338310024,107
367538710,107
338117985,107
316006873,107
374783000,107
367688850,107
368255550,107
338335399,106
338237787,106
367623540,106
538008144,106
338228268,106
367797380,106
368227010,106
371154000,106
338231803,106
338084595,106
338485856,106
368031680,106
338439254,106
338153497,106
338132575,106
219127000,106
338356000,106
369102000,106
352002238,106
338100368,106
368001950,106
215882000,106
338380359,106
367734950,106
316012431,106
228081800,106
316036765,106
367461190,106
316023397,106
338238959,106
368070250,106
338193179,106
367558030,106
367782980,106
368204830,106
367621020,106
368165180,106
368207090,106
367060370,105
367197760,105
338402783,105
338336068,105
368125420,105
367627630,105
939192125,105
338418941,105
338510072,105
367523390,105
368328650,105
338248596,105
316017640,105
225952250,105
338490688,105
367652260,105
338383561,105
338497228,105
368086120,105
368327670,105
316052416,105
338311789,105
338394383,105
368053820,105
338180907,104
338412448,104
338388794,104
378111844,104
512201250,104
367445510,104
367644630,104
316431000,104
636020360,104
368117370,104
338244674,104
311036300,104
367625560,104
319132700,104
338365762,104
338390082,104
338162368,104
316025227,104
477615600,104
338214925,104
368209640,104
369970278,103
316013526,103
367166230,103
367453530,103
338323071,103
316043222,103
338140515,103
338495191,103
338394501,103
367707710,103
368129680,103
338417818,103
338097563,103
338431523,103
338231348,103
368137120,103
368295290,103
367030030,103
369494372,103
338202721,103
338175531,103
366896750,103
368038720,103
338427633,103
368926465,103
338238252,103
338416019,103
316039857,103
367478810,102
368279680,102
367709130,102
368286670,102
367479660,102
338324359,102
338504536,102
367661520,102
367630650,102
316016610,102
316014860,102
338171405,102
338338709,102
338444059,102
338197468,102
368136160,102
338194028,102
367733360,102
367716990,102
368302180,102
316048461,102
367739210,102
367395860,102
367741590,102
338240403,102
368154540,102
338395257,102
367507940,102
367592820,102
338376537,102
338307556,102
368153550,102
338185568,102
338482327,102
367637690,102
338309804,102
368338050,102
368041290,101
367352320,101
338230282,101
338239156,101
367701130,101
338425441,101
368306840,101
368039160,101
368351450,101
369990243,101
367601130,101
316025097,101
316003641,101
338465041,101
338316896,101
368159910,101
368146250,101
323000011,101
367438840,101
367079110,101
338483044,101
368298450,101
316011245,101
338124928,101
339222000,101
367194110,101
367639820,101
367674540,100
338504881,100
338427267,100
368063430,100
368337360,100
368042180,100
367706890,100
367130610,100
367458490,100
368120810,100
368294030,100
368374440,100
368229970,100
338228458,100
316021522,100
367638580,100
368183780,100
368023440,100
316027167,100
338245815,100
338206311,100
338424477,100
366808780,100
316046138,99
538004844,99
338471689,99
338384682,99
367375030,99
368084910,99
369990213,99
338001494,99
368191790,99
431999502,99
368326670,99
338375337,99
316023817,99
368242660,99
367385530,99
338032376,99
338374858,99
316051384,99
367143520,99
339045000,99
366768030,99
316012059,99
338173304,99
338498708,99
338354485,99
374291000,99
367684260,99
316015489,99
367506340,99
368926003,99
269117010,99
338502234,99
367421670,99
232052947,99
367640510,99
338461508,99
316034676,99
338431541,98
338439293,98
338021008,98
338467475,98
338390042,98
367476930,98
368079910,98
338134422,98
636019182,98
338444049,98
367738780,98
368186470,98
316005768,98
311000857,98
316043632,98
368187550,98
338487682,98
368174630,98
338448065,98
368349870,98
366876660,98
338101289,98
368014780,98
368226550,98
338400807,98
338248845,98
369547000,98
338233487,98
316003639,98
367775870,98
368206830,98
368276470,97
316041197,97
368367670,97
368456000,97
338453546,97
368361520,97
338452893,97
338226054,97
366904590,97
368242970,97
368283070,97
338219346,97
368181250,97
338628000,97
338926344,97
367418440,97
338372618,97
367526270,97
367455260,97
316044647,97
368236250,97
338464748,97
338505829,97
368018970,97
338024792,97
338488095,96
368280640,96
316038092,96
367150000,96
373841000,96
338119975,96
338081154,96
338471953,96
338119717,96
338481224,96
316040971,96
338105836,96
367499390,96
338167269,96
367375720,96
338200171,96
366825520,96
316018160,96
338103971,96
367630350,96
375903000,96
338071801,96
563005200,96
366869640,96
338469399,96
368079770,96
368077820,96
367132950,96
368192530,96
368342770,96
338218035,96
316051828,96
338399477,96
338124923,96
368192580,96
366748220,96
338225203,96
338460413,96
338444162,95
368332850,95
367660780,95
338421735,95
338306664,95
338065882,95
367874400,95
367607340,95
338433846,95
366907230,95
316017331,95
368054090,95
338414652,95
338092126,95
338430756,95
338430127,95
338344036,95
316043948,95
368164930,95
367484740,95
368138570,95
368176970,95
368175950,95
477706500,95
338445493,95
338485135,95
338495875,95
338156352,95
367160740,95
316048649,95
341295000,95
316048052,95
368081580,95
367536910,95
367754650,95
338196375,95
338484442,95
316009560,94
367758160,94
368227270,94
338336042,94
367672080,94
338444717,94
368307320,94
338069877,94
338926633,94
338239093,94
338077085,94
338396713,94
316029145,94
338184025,94
338394705,94
338431123,94
368276160,94
368207030,94
636016434,94
369980000,94
338186459,94
368317140,94
338357744,94
367665340,94
367505940,94
316005643,94
338170944,93
368207740,93
338145697,93
338406596,93
338325543,93
367584570,93
338303592,93
316044697,93
316001941,93
368217260,93
338107002,93
338386498,93
338498135,93
366999375,93
338318624,93
367673310,93
368109120,93
367684920,93
368202550,93
338363274,93
373611000,93
338146446,93
338248594,93
316053158,93
667008066,93
338394961,93
338209811,92
338194894,92
338472801,92
368329860,92
367037610,92
368208150,92
316041623,92
316041917,92
338464605,92
338464592,92
366669040,92
368154730,92
538005058,92
368261130,92
338490693,92
338443312,92
367669110,92
368312340,92
338483867,92
338364671,92
338374396,92
367721070,92
368014490,91
369361000,91
368171740,91
338395329,91
368257850,91
338458011,91
367453350,91
368190430,91
338470129,91
369493766,91
338466068,91
368358180,91
338149213,91
367445170,91
368279940,91
367341850,91
338478382,91
338186095,91
338413783,91
368182020,91
107040242,91
338428065,91
338318496,91
367379070,91
338065883,91
368105030,91
338225009,91
368056330,91
368375980,91
563200300,90
368133120,90
338380408,90
368169850,90
338056354,90
369493769,90
338389921,90
338316753,90
338169817,90
368213150,90
338411863,90
338070574,90
367775010,90
338397489,90
259885000,90
636017022,90
338172024,90
368025970,90
368264350,90
367782610,90
338249636,90
987999999,90
367786570,90
367735290,90
368140640,90
369990183,90
338323627,90
503758600,90
338403862,90
338386635,90
338403548,90
366728390,90
338486056,90
338478892,90
338427249,90
338428534,90
338167714,90
368349620,90
316021481,89
338470356,89
338236026,89
338143443,89
368032780,89
338185975,89
338417157,89
316026304,89
538009721,89
316019935,89
316036002,89
316015422,89
368212080,89
319247200,89
367688110,89
338429317,89
369990120,89
368078410,89
338415081,89
338376666,89
338184599,89
338505652,89
369990282,89
338056811,89
316017387,89
566278000,89
367085890,89
368240910,88
352004124,88
338340303,88
368131560,88
368276030,88
367496570,88
338187794,88
338160808,88
368179230,88
367695090,88
563119300,88
367395970,88
338093016,88
367793580,88
367153930,88
338441969,88
368145280,88
338248593,88
338228227,88
378113328,88
366999308,88
338394328,88
366999619,88
368068640,88
338348234,88
441144000,88
316003593,88
477738200,88
338430914,88
368148950,88
367064840,88
338429979,88
338302584,88
368282160,87
338175131,87
367500390,87
316005417,87
338495888,87
338926125,87
338040707,87
378113027,87
338168273,87
338332272,87
368270490,87
338426813,87
368366650,87
338187642,87
338489245,87
338477583,87
338470622,87
338428944,87
338473244,87
338468576,87
316017272,87
367568770,87
316010299,87
368049820,87
367583990,87
538009161,87
368040450,87
338036721,87
338093069,87
367419990,87
338422695,87
338502366,87
367021980,87
338439386,87
338432768,87
338212859,86
368330940,86
258151000,86
338134708,86
109070077,86
316042545,86
338324168,86
338371631,86
367629250,86
261084080,86
366934440,86
366943070,86
338469169,86
366974320,86
367748940,86
311000617,86
367518480,86
338314271,86
367587470,86
338404592,86
368044090,86
338427067,86
338418000,86
338490607,86
338320058,86
338224536,86
316035651,86
366484000,86
368145110,86
338352937,86
338354191,86
338163026,86
367333140,86
338499467,86
368126530,86
338164846,85
232010199,85
338347519,85
211652700,85
338384272,85
338102076,85
368373220,85
319245400,85
338254259,85
338404376,85
367494760,85
227414230,85
338301142,85
367651050,85
338086338,85
338398492,85
338047499,85
316041231,85
338171806,85
338138473,85
367321290,85
338359433,85
338485501,85
368102140,85
338227246,85
316043195,85
338126581,85
338199737,85
338157579,85
367673390,85
338373111,85
338499839,85
338417051,85
368040690,85
338307522,84
368211640,84
367397580,84
338331175,84
235002016,84
338195555,84
205007000,84
368228810,84
538007405,84
338499364,84
368014620,84
367574490,84
338452505,84
316028875,84
316054316,84
368305010,84
338060000,84
367654140,84
338434482,84
338469536,84
368608000,84
636017242,84
338429873,84
366872260,84
368278050,84
368059470,84
338028109,84
338409314,84
338384516,84
338370123,84
338392131,83
367383410,83
368203140,83
338477397,83
367021090,83
338644000,83
367150170,83
368176370,83
338130598,83
338186132,83
338435487,83
367721190,83
368323570,83
367667920,83
338185976,83
368332650,83
368153350,83
316043302,83
338232364,83
338495052,83
338212388,83
368192040,83
338379641,83
338166597,83
636015002,83
338414569,83
367705730,83
368041920,83
368034660,83
338335147,83
368116290,83
367571880,83
316040835,83
338450567,83
368082030,82
338011196,82
367020720,82
367544280,82
368291380,82
367316350,82
367540420,82
338461526,82
367532770,82
316004946,82
368344090,82
368160950,82
338186777,82
338208542,82
367683550,82
338233493,82
338492538,82
367483120,82
338926165,82
338233316,82
338254933,81
368182820,81
338104962,81
338433285,81
338488687,81
316026004,81
316048928,81
339708000,81
993086011,81
316001094,81
338457408,81
338161743,81
338463666,81
338310989,81
368040770,81
368223280,81
338428903,81
368195560,81
338162525,81
338187785,81
367760630,81
338406378,81
368092370,81
367658770,81
338444508,81
338472394,81
368018340,81
338238882,81
338326853,81
368246770,81
367605680,81
338501037,81
367151120,81
367501840,80
316004026,80
368156920,80
338128799,80
215879000,80
316004458,80
338463865,80
338467836,80
338105961,80
256003247,80
338478894,80
338316496,80
368226560,80
338495659,80
368036780,80
338354612,80
369990262,80
338398217,80
338398331,80
316019324,80
338427783,80
338489865,80
338402922,80
367533420,80
368049730,80
338027372,80
367057510,80
368111130,80
338156095,80
367671130,80
338496553,80
368060440,80
338398233,79
316045369,79
338051202,79
316044097,79
338498204,79
367434940,79
338352665,79
368349920,79
367620770,79
338303055,79
316018158,79
367585550,79
338312705,79
368252830,79
338503383,79
338212489,79
367761990,79
367118150,79
368350350,79
338027666,79
368227230,79
338173652,79
316047293,79
311020700,79
338425303,79
367671050,79
338209283,78
338506865,78
338445821,78
368184960,78
563030450,78
338183694,78
338468674,78
367568660,78
352001129,78
338408279,78
367758580,78
338412836,78
338462334,78
368265450,78
367494410,78
563207800,78
367374510,78
338241597,78
368279310,78
367100940,78
338306357,78
367350910,78
985380839,78
338237826,78
316046979,78
368181560,78
367407680,78
368236690,78
338429407,78
367712000,78
369918000,78
338441369,78
577574000,78
367612320,78
338438896,78
368270940,78
368209570,78
338099765,78
338431143,78
367718460,78
366936050,78
368013460,78
338397134,78
338487977,78
338427664,78
338232176,78
367042520,78
366742520,78
369990286,78
338244766,77
368081520,77
368318650,77
367569850,77
367513590,77
338456137,77
366999407,77
316003668,77
368320090,77
367426880,77
367509710,77
338334813,77
367005480,77
368160240,77
338402061,77
338383782,77
367565210,77
369990236,77
367711270,77
338238933,77
367705350,77
338165292,77
316018679,77
368130110,77
338500913,77
338238374,77
338214602,77
338501364,77
338475276,77
367505890,77
338482177,77
338160865,77
369550000,77
338499115,77
368237610,77
338333598,77
316034016,76
338435384,76
338485542,76
367524220,76
367585720,76
367390220,76
338132375,76
316003050,76
338474318,76
338239145,76
338302496,76
366233570,76
338349428,76
366999524,76
366995230,76
368041650,76
316022854,76
338147583,76
338453417,76
338200771,76
368122180,76
368309040,76
368243990,76
338225441,76
368361360,76
367771270,76
366895790,76
316398000,76
367378410,75
338500308,75
369970452,75
338024103,75
368070030,75
338435186,75
338300293,75
338231221,75
316016374,75
368107920,75
367678580,75
368204770,75
338100134,75
368191570,75
368084150,75
316005803,75
338116335,75
338335963,75
338213515,75
368364790,75
338452626,75
338495474,75
338415005,75
368177390,75
367725950,75
368263320,75
366950780,75
369990239,75
338397611,75
369970893,75
368202170,75
316044885,75
366690030,75
338477936,75
338496842,75
338303808,75
338359306,75
311001223,74
338383661,74
338399471,74
338400039,74
367578140,74
338502209,74
338424526,74
338210294,74
338418339,74
338210301,74
338216242,74
338307658,74
367645120,74
338155759,74
367576250,74
338488314,74
368196240,74
316007052,74
367716130,74
338440733,74
338473078,74
338436474,74
338481111,74
338104753,74
368044340,74
366999662,74
338486621,74
316045461,74
338100408,74
338358153,74
367595480,74
338491071,74
369990150,74
368245790,74
338321261,73
338456526,73
367522210,73
985380979,73
339056000,73
368197760,73
338309553,73
367493380,73
368280490,73
316024256,73
368333110,73
367628280,73
338345364,73
368284570,73
338504956,73
368117310,73
368338970,73
338363746,73
338368554,73
338484836,73
366786590,73
338480542,73
338426305,73
368338290,73
378112918,73
316011461,73
338367957,73
338143017,73
338149301,73
338486213,73
316005782,72
338462624,72
352978141,72
352283000,72
368370260,72
316053561,72
338184034,72
338433554,72
338046321,72
338468626,72
338501077,72
316047423,72
316005043,72
367664790,72
338216719,72
367498080,72
338468783,72
338159853,72
368318430,72
367399340,72
338094329,72
368302330,72
338354619,72
367553320,72
368096620,72
338152221,72
338388819,72
368295220,72
338403558,72
368202440,71
316042157,71
368121190,71
368233940,71
366837660,71
338328022,71
338228728,71
338470125,71
368101060,71
367761710,71
338357109,71
368190560,71
369970996,71
338477829,71
367767190,71
338225361,71
368205020,71
338506656,71
366050100,71
338105169,71
338472593,71
338631480,71
367483270,71
316025811,71
368127880,71
368162630,71
368044570,71
338347106,71
316033896,71
338025512,71
369139000,71
338148509,71
367732510,71
636019991,71
338379841,70
367754720,70
316045574,70
368095750,70
368022480,70
368201990,70
367730160,70
316014448,70
338403118,70
368058390,70
338150591,70
338486502,70
338231679,70
316053697,70
338501448,70
367096590,70
367670850,70
368353590,69
319086100,69
367173000,69
368074830,69
368158960,69
368363570,69
367599830,69
316052612,69
338248569,69
368101220,69
338353165,69
367114830,69
338336436,69
368200680,69
338140403,69
338348885,69
338926129,69
338302257,69
338480945,69
316005637,68
366749940,68
338472852,68
338330822,68
367337990,68
477957300,68
367649110,68
368250940,68
367527850,68
338440545,68
368187890,68
338329338,68
366867370,68
367321670,68
338137487,68
368290010,68
338486088,68
338480753,68
316050841,68
338464971,68
368238030,68
367718940,68
316045925,68
338473275,68
368044170,68
338250729,68
338416637,68
636023373,68
338410972,68
338054694,68
316001104,68
228211890,68
368016910,68
368021898,67
339178000,67
367660960,67
338441623,67
338081126,67
316023178,67
338451037,67
316005716,67
368336470,67
538005263,67
316053221,67
338475174,67
338025284,67
367367150,67
563128100,67
367691450,67
367393270,67
367502030,67
338146389,67
338335264,67
368099820,67
338407546,67
338359915,67
366904830,67
338226573,67
316048354,67
367094660,66
368095910,66
368289120,66
369990129,66
316044767,66
338252744,66
368176590,66
367662720,66
316046788,66
368189830,66
368570000,66
368016970,66
316051191,66
338311598,66
368306130,66
338244559,66
367613000,66
366951270,66
367765520,66
338372284,66
368037170,66
338472612,66
367591540,66
316032411,66
338433886,66
338404891,66
368001180,66
368066780,66
636020666,66
338398123,66
316003671,66
338313198,66
368162830,65
367510770,65
338347569,65
367310450,65
338426462,65
316050682,65
338359553,65
338379582,65
367047250,65
338079954,65
316022604,65
338329213,65
369970474,65
368084250,65
338364574,65
366979080,65
367109350,65
368337010,65
368117880,65
368015830,65
338331289,65
338001931,65
316039242,65
316044079,65
369970644,65
374649000,65
367485810,65
338478525,65
338446648,65
373457000,65
338433443,65
368926291,64
345080700,64
367534170,64
368255610,64
338336184,64
338104711,64
368009220,64
338465946,64
338133213,64
367550980,64
338179435,64
338510357,64
316007407,64
338229712,64
369493021,64
367781470,64
338309549,64
338495598,64
368211370,64
367560350,64
338377602,64
338335327,64
338393057,64
378112306,64
367023390,64
338407384,64
338229793,64
338248572,64
338404471,64
338367147,64
338408127,64
316048192,64
338500218,64
368125850,64
338376223,64
369990322,63
368054140,63
338482915,63
338431572,63
368252250,63
368135570,63
316047114,63
368231590,63
338158118,63
369990287,63
338453318,63
367593120,63
367767150,63
368307660,63
316032376,63
367058250,63
368247710,63
338468549,63
316047517,63
367586030,63
338119796,63
367735520,63
368070350,63
368206130,63
338328954,63
368373070,63
316029343,63
316044902,63
338242075,63
338107306,63
368064610,63
368142550,63
982590023,63
338458457,63
338167473,63
338219618,63
368079380,62
316022965,62
338227756,62
316049279,62
338168312,62
367594930,62
368232760,62
338373518,62
368120630,62
367731970,62
338501894,62
368217520,62
367408260,62
338308639,62
367759760,62
367360410,62
215804000,62
338491332,62
367701070,62
338149312,62
368096150,62
338304883,62
316031611,62
338209648,62
338485109,62
316031622,62
338330273,62
338505671,62
316002594,62
636024277,62
257568000,62
368205390,62
316041865,62
368056160,62
368179440,62
368066010,62
316026257,62
316008968,62
368228520,62
316002277,62
338169175,62
338361273,62
338366297,61
338365914,61
367151240,61
338499133,61
367681730,61
367151180,61
338438966,61
367527770,61
338655000,61
338177201,61
338485208,61
367517770,61
368087580,61
367793280,61
378113846,61
338497874,61
338189836,61
368164760,61
338487749,61
338310912,61
338493001,61
368105320,61
316031902,61
338238833,61
338424305,61
367664080,61
367578310,60
368007430,60
338132963,60
338486131,60
338480653,60
338926121,60
316009467,60
368182120,60
338090412,60
369990128,60
338142141,60
367629310,60
368088280,60
316050303,60
316044343,60
338339807,60
338361966,60
235082776,60
338121858,60
338245915,60
368320340,60
367738150,60
338317638,60
367762250,60
316002306,60
338175555,60
368097530,60
338380024,60
367604060,60
352980769,60
316012875,60
369990305,60
316054431,60
366962960,60
338243488,60
367694430,60
368191450,60
338234637,59
316047878,59
316012198,59
368109180,59
338423342,59
338425958,59
367742260,59
316008632,59
369493711,59
538070393,59
257802390,59
338499815,59
366715730,59
215035000,59
368323560,59
338460051,59
368086740,59
338188789,59
367665260,59
338317097,59
338182575,59
368074990,59
368224260,59
311000438,59
367785850,59
338352452,59
338281000,59
367144790,59
367019070,59
338391989,59
338163943,59
368314350,59
368128590,59
338253326,59
215143000,59
338926149,59
367753640,59
518998986,59
338226906,59
367751320,59
367477230,59
367747860,59
367679210,59
368340960,58
338401347,58
338439041,58
338449799,58
338066502,58
368355560,58
368230630,58
368059090,58
338482216,58
338219317,58
338392066,58
338238481,58
376404000,58
338102065,58
338039656,58
368351780,58
368112520,58
338483513,58
338392778,58
338213132,58
338180293,58
368246680,58
338227453,58
368347250,58
338463525,58
368086620,58
312802000,58
338308511,58
345020033,58
367148870,58
338234085,58
316049036,58
368195620,58
338313136,58
368326180,57
316007649,57
368294870,57
367720830,57
338926120,57
368345840,57
338395091,57
369493649,57
338045163,57
367650540,57
316012490,57
338392457,57
368349670,57
338393191,57
338340783,57
367733890,57
366840820,57
338374787,57
338462008,57
367731110,57
368101350,57
316041404,57
366961510,57
338313851,57
367542010,57
338456419,57
368241130,57
367168360,57
338372567,57
338224804,57
368104360,57
368029560,57
367134520,57
338179698,57
338099998,57
338332878,57
316007236,57
338357252,57
338345892,57
338397636,57
338192647,57
368926105,57
338442712,57
316025587,57
338357799,57
374514000,56
368102320,56
368262220,56
368025210,56
338234391,56
368294080,56
368297390,56
367151570,56
983192134,56
338345818,56
368233770,56
338495644,56
338497469,56
316007017,56
368245220,56
338379793,56
338415941,56
338171402,56
368309450,56
338388452,56
338416386,56
368254580,56
338503907,56
367778650,56
368053270,56
338477542,56
367126660,56
368208960,56
338359107,56
338140062,56
367012740,56
338209443,56
316043206,56
368122960,55
367563850,55
338150004,55
338211214,55
368277110,55
316029245,55
368280630,55
368220010,55
338495841,55
366970910,55
338428137,55
338397358,55
368250490,55
338443219,55
338105473,55
368180240,55
367559030,55
218018710,55
338101423,55
368069950,55
316053975,55
338453638,55
269117130,55
338099989,55
338182576,55
316050551,55
338188875,55
316052225,55
338382137,55
338092773,55
367411590,55
367032940,54
338209965,54
338926128,54
368193940,54
338370731,54
338314573,54
367090580,54
338316866,54
367780140,54
338445943,54
316032852,54
368194620,54
316051795,54
338189128,54
367355270,54
368070410,54
367424960,54
367712150,54
368029060,54
338408503,54
338323891,54
367714630,54
338420602,54
368300910,54
338368026,54
338451032,53
338243436,53
367158990,53
338301537,53
316040009,53
316039783,53
338187502,53
367547310,53
338376152,53
316021466,53
368190640,53
338335266,53
368090680,53
316033461,53
338496323,53
368010780,53
338501863,53
224983000,53
368271470,53
338481795,53
338164194,53
338495852,53
338021000,53
339057000,53
338392149,53
367357390,53
316024728,53
316019485,53
338473169,53
338253955,53
369493415,53
338491666,53
338370928,53
338488226,53
367501780,53
338173047,53
367377340,53
368220560,53
367459620,53
338507763,53
338327699,53
368302310,53
329014040,53
367584460,52
367550150,52
367433010,52
316021304,52
316051349,52
367338460,52
338431534,52
367356180,52
338434866,52
338385008,52
308457000,52
367665780,52
316020456,52
338207777,52
323032012,52
338431722,52
368158910,52
338429665,52
338041617,52
338211633,52
367658850,52
368355240,52
367479960,52
368267410,52
303421000,52
367715330,52
338146543,52
316001753,52
316047498,52
366816810,52
368145660,52
316001828,52
338469306,52
316015867,52
367750610,52
209470000,52
338472576,52
316014213,52
316045082,51
316053068,51
338370482,51
338474934,51
338465112,51
338252716,51
368133510,51
338468354,51
338242322,51
367033570,51
367773370,51
368126760,51
338208696,51
368219780,51
367780110,51
338407434,51
368352080,51
338428636,51
366215330,51
338394027,51
367667720,51
338401653,51
367533330,51
367682480,51
316012341,51
368025010,51
338497038,51
228149050,51
367714790,51
368224960,51
109030426,51
338444949,50
367000660,50
368253040,50
338074538,50
338400349,50
338092788,50
338189341,50
368328670,50
338403753,50
338446932,50
367597240,50
316047342,50
338498016,50
369204000,50
367755220,50
338172012,50
338185481,50
368095550,50
368215060,50
338426241,50
338405673,50
338338937,50
338499866,50
368232490,50
368005310,50
316012470,50
316034998,50
367743120,50
338190278,50
368368750,50
338337211,50
316041844,50
109070074,50
232026895,50
367721570,50
368218660,50
338154894,50
316004727,49
338210796,49
257432000,49
316011007,49
368051220,49
338486782,49
323128110,49
338238172,49
367631860,49
338236237,49
338182434,49
367707330,49
368340010,49
367710620,49
338179758,49
338322357,49
367723790,49
319182800,49
368196580,49
368087660,49
368282110,49
316039361,49
338390185,49
338122197,49
564368000,49
366999668,49
338465194,49
368575000,49
367534760,49
338311581,49
338471882,49
368328560,49
378112825,49
338400174,49
338499377,49
368302160,49
316006407,49
367020530,49
338398064,48
367593240,48
538005754,48
316036214,48
367767820,48
367720080,48
338496135,48
367071460,48
248000871,48
246663000,48
316049198,48
368168050,48
338457363,48
369493165,48
338404441,48
338117606,48
367161780,48
338484714,48
338337196,48
338446679,48
319272800,48
368257920,48
367104180,48
477466500,48
367629970,48
368347720,48
368200490,48
316003638,48
367647590,48
338154362,48
316027061,48
338316941,48
316048651,48
338125412,48
338395399,48
367517040,48
338114498,47
338143653,47
338164902,47
338092018,47
316016214,47
316024578,47
338130051,47
338146989,47
369990299,47
323096000,47
323112000,47
316015284,47
338206233,47
368252610,47
316054932,47
368926395,47
338169896,47
338320192,47
338312994,47
338414277,47
367773410,47
338467332,47
338245126,47
367067610,47
367507210,47
367112970,47
368032130,47
367671390,47
338322175,47
338228538,47
338366999,47
368113530,47
367413140,47
367419480,47
338399971,47
338244281,47
338333093,47
338386392,47
367771950,47
338505404,47
338501156,47
353600000,47
338099781,46
367531710,46
319664000,46
257040610,46
338238087,46
316032137,46
368284430,46
316051014,46
338489878,46
338488254,46
367171000,46
368167210,46
368065310,46
368166350,46
341567001,46
316027654,46
338366903,46
316053673,46
338175381,46
367188670,46
367556370,46
369990323,46
338313256,46
338159764,46
338335593,46
316031595,46
368162140,46
316049135,46
338336234,46
368048740,46
367770610,46
316027009,46
316048563,46
338405399,46
367119990,46
338052933,46
338442304,46
311025900,46
368268550,46
338483106,46
338452055,46
338214987,46
338214052,46
338363342,46
367656670,45
367390890,45
316008046,45
538071760,45
338446637,45
368083670,45
338336791,45
338459965,45
563126200,45
338390123,45
477982600,45
316027782,45
368287080,45
367746720,45
369990354,45
368043250,45
368350320,45
368229530,45
369970517,45
367182320,45
338198958,45
338129536,45
316041678,45
338390719,45
368313280,45
316051508,45
367355160,45
367486210,45
316053752,45
368259050,45
338500641,45
338101821,45
366665740,45
367445380,45
338328634,45
368334660,45
368273290,45
338321443,45
338386035,45
368175960,45
368073110,45
368077330,45
338493057,44
368045330,44
316020854,44
368076870,44
367548340,44
338102932,44
338162408,44
338414279,44
368345370,44
368119080,44
338171799,44
338345216,44
338450149,44
368244390,44
316020368,44
338462803,44
316049809,44
338133454,44
367623460,44
366991477,44
338473778,44
378111207,44
338478383,44
338445701,44
338332965,44
338496481,44
316049001,44
338337924,44
368085730,44
368105730,44
338494522,44
367610810,44
316036575,44
367736780,44
232017095,44
338136479,44
368219790,44
338321456,44
512203830,44
368233760,44
338356836,44
338106744,43
368306570,43
368359150,43
338432138,43
338338714,43
367558480,43
338228246,43
338214352,43
338350148,43
368060840,43
338432019,43
338441772,43
368348710,43
367694590,43
338210857,43
109120514,43
316052936,43
368179410,43
338411865,43
316051748,43
338465475,43
338358558,43
367677940,43
366977150,43
338506481,43
248602000,43
338369113,43
368311820,43
338485843,43
338442703,43
367391810,43
338406141,43
316033682,43
338331086,43
316033712,43
338041501,43
368077230,43
338365448,43
316039297,43
316051872,43
338926131,43
367533550,43
338328023,43
305140000,43
338352992,43
338210368,43
338180085,43
338433753,43
316045111,43
316053474,43
316029439,43
367690670,42
338471652,42
367790640,42
338249884,42
368368270,42
368354780,42
338492303,42
367714090,42
367465110,42
338485429,42
338496757,42
338243227,42
367373280,42
367786720,42
319131900,42
368287660,42
368115720,42
366706330,42
338029678,42
368289270,42
367428610,42
338363248,42
368216510,42
366101000,42
368309370,42
316045863,42
338302785,42
368117440,42
367343790,42
316046587,42
367724670,42
338457296,42
339001000,42
338413798,42
338138795,42
368342040,42
367759030,42
368178430,42
316050384,42
338334132,42
366853480,42
338383062,41
338311461,41
338134829,41
367689520,41
210520410,41
338332617,41
338442616,41
338395837,41
338405286,41
338400128,41
338499437,41
367776910,41
338361207,41
368073560,41
368294130,41
338302664,41
368087520,41
338404626,41
316038714,41
354968000,41
109012017,41
316017502,41
368294560,41
338105362,41
538009198,41
377625000,41
368174740,41
316042393,41
367748970,41
338158521,41
338403425,41
367506270,41
367654330,41
367306820,41
368208040,41
368238270,41
338205247,41
338408117,41
367731150,41
338364902,41
338135528,41
368229780,41
338412756,41
368108840,41
338129826,41
269111410,41
338393513,41
338429764,41
153382376,41
367539470,41
368119320,40
367154670,40
368318150,40
368134280,40
367036010,40
316018365,40
368300170,40
367777140,40
338926642,40
338451183,40
316016650,40
367481230,40
338245576,40
319265100,40
338413302,40
366989870,40
366887510,40
316007901,40
316041027,40
367178830,40
338383845,40
338485617,40
368328370,40
367138000,40
368358210,40
338313237,40
338488118,40
338365288,40
368259430,40
368370240,40
368109650,40
338443999,40
338212355,40
368295130,40
367442640,40
338311074,40
367563920,40
368361810,40
338346313,40
316020911,40
367660540,40
338072036,40
319227300,40
367608770,39
316052487,39
338399074,39
338399097,39
367463990,39
338356612,39
338125642,39
338242107,39
316001892,39
338191005,39
316010861,39
368066730,39
338464997,39
338452553,39
369990246,39
338170676,39
366844020,39
369990504,39
367752110,39
367317410,39
338501002,39
236111158,39
338127695,39
368074880,39
352001045,39
338379262,39
338360982,39
338490052,38
338202174,38
338501043,38
338229437,38
338160279,38
316043703,38
316029132,38
316364000,38
368118080,38
368121410,38
368111410,38
368232290,38
338461133,38
338462011,38
368013750,38
368065830,38
338076696,38
338362956,38
368121590,38
338152419,38
378113614,38
338228287,38
316003680,38
368327270,38
338926336,38
368222440,38
316030957,38
338382698,38
368296750,38
319159500,38
338476286,38
338372871,38
367554850,38
338187407,38
636021821,38
369109000,38
367745520,38
316005460,38
338495127,38
338134859,38
338362316,38
366989170,38
338190981,38
338238515,38
367721180,38
338493814,37
368064330,37
367120640,37
338926661,37
367747140,37
319096400,37
338394793,37
367362010,37
368051640,37
338138199,37
316023929,37
338483245,37
352898794,37
671378100,37
338164408,37
368004430,37
338207787,37
368339790,37
338494812,37
368011230,37
338477564,37
338228985,37
338189382,37
338926311,37
338503221,37
338378744,37
367636140,37
338035694,37
338433725,37
338398811,37
367617840,37
367415820,37
338348737,37
367679020,37
366829140,37
338326054,37
369990296,37
366813020,37
367598540,37
338926136,37
368237820,37
368102490,37
338211431,37
338350963,37
367771180,37
338183626,37
338238212,37
338215055,36
367099830,36
367488160,36
338192533,36
368214410,36
338455561,36
367416460,36
367730720,36
338503602,36
338313579,36
368200640,36
368348570,36
316034012,36
368239920,36
367678530,36
338469903,36
338470525,36
338503768,36
211391250,36
378113492,36
368333770,36
367130000,36
368331620,36
338372647,36
338507128,36
338445907,36
636014462,36
368360980,36
368185780,36
338075685,36
316005376,36
338926161,36
367519030,36
338436307,36
368314180,36
338060156,36
109060894,36
316038266,36
368229980,36
338501524,36
316051348,36
338362546,36
338462333,36
338034433,36
368162030,36
368334710,36
338422015,36
338450547,36
366848350,36
368374940,35
316028711,35
338452948,35
316027734,35
316026048,35
338469802,35
316028563,35
367728450,35
338480744,35
369025000,35
316047889,35
368197770,35
368164530,35
369990375,35
367153580,35
338194344,35
368199910,35
367720670,35
319607000,35
319122900,35
369990121,35
368118360,35
338011624,35
368298790,35
338368019,35
368209760,35
338485918,35
316042052,35
367442040,35
368113650,35
316039059,35
368131290,35
368048530,35
338400036,35
338363593,35
369493690,35
338217559,35
338501555,35
316019447,35
338304801,35
538009203,35
316016937,35
316015859,35
368253830,35
366908680,35
338447554,35
366983960,35
338252083,35
338497602,35
366993510,35
316049288,35
368187910,35
316004249,35
232004864,35
367710340,34
367713030,34
338481601,34
338365236,34
338364284,34
338135981,34
316045006,34
316032784,34
316042151,34
338367929,34
338124381,34
369990396,34
338375788,34
367739760,34
338335449,34
338386593,34
368309880,34
316034156,34
368142740,34
368144760,34
338507284,34
100264010,34
338207124,34
316009175,34
367127380,34
367591180,34
338192853,34
368350620,34
368008560,34
338058646,34
367602770,34
368177530,34
338037069,34
316015018,34
367365680,34
368174320,34
368194540,34
368028760,34
368168980,34
338177403,34
368341480,34
368066540,34
367577390,34
338317497,34
338026913,34
338226455,34
338318823,34
338391606,34
368046560,34
367017630,34
368336110,34
368230210,34
369990111,33
367636890,33
338417325,33
368032530,33
338196753,33
338177949,33
338414663,33
316020711,33
338242584,33
369990233,33
339836000,33
338411306,33
316005204,33
367094010,33
338450312,33
368053980,33
338376381,33
369990503,33
366977270,33
338253833,33
338368182,33
338383214,33
368351520,33
338401085,33
368189960,33
368093760,33
338090591,33
367167480,33
338362545,33
316047507,33
368024010,33
338190147,33
367645480,33
368236080,33
367490450,33
367490030,33
338926303,33
368160510,33
338738000,33
367716820,33
316051844,33
368110790,33
316045592,33
367767950,33
369970602,33
316042019,33
338507799,33
338473151,32
338240741,32
368188670,32
367628140,32
338503163,32
338229202,32
368061270,32
368349190,32
368118660,32
316023736,32
338471062,32
338226188,32
316027483,32
316050612,32
374928000,32
368111920,32
338466257,32
338450116,32
338417509,32
338311586,32
563016100,32
316023434,32
367473740,32
338504656,32
368156480,32
367511020,32
338360836,32
338101844,32
367312830,32
316039266,32
367717440,32
369493684,32
367334410,32
338230023,32
316052808,32
378111901,32
338484089,32
316052224,32
319108300,32
338358279,32
367354240,32
368353140,32
368064870,32
367459830,31
368327320,31
367136250,31
338095814,31
338453185,31
316053251,31
319237100,31
367450760,31
232002833,31
338186825,31
311001529,31
576532000,31
338093501,31
338123409,31
368103760,31
367504180,31
338483518,31
367565650,31
338243235,31
338317642,31
338457579,31
338241469,31
338495939,31
338107228,31
338211437,31
338373069,31
368203340,31
338302184,31
109000120,31
369493721,31
368255140,31
338362746,31
316034643,31
338436399,31
338352534,31
338428524,31
368106980,31
368077480,31
316024662,31
368001760,31
345080033,31
338165277,31
338017392,31
316035608,31
368351560,31
338287000,31
338400888,31
215583000,31
338447291,31
338131541,31
368364770,31
367110160,30
368209580,30
338203434,30
338360278,30
338223895,30
316045437,30
367705820,30
338494674,30
338431965,30
338488616,30
368287310,30
338208109,30
636019032,30
368281790,30
368123150,30
338490417,30
367395120,30
370024000,30
367430730,30
338146943,30
232011791,30
367196750,30
636092697,30
368332390,30
338148035,30
232043940,30
368234840,30
369990436,30
368341490,30
367726760,30
338483901,30
378001152,30
368140880,30
316020789,30
338724000,30
338454192,30
368074490,30
538071905,30
316051372,30
338253447,30
316420000,30
367644380,30
368264430,30
338498948,30
338926607,30
338057621,30
338325865,30
316017795,30
378114193,30
538009741,30
316035192,30
338462164,30
338428362,30
367499660,30
367574940,30
367472880,30
316021838,30
316043929,30
338216937,30
338395513,30
338926628,30
367641620,30
338353515,29
368141080,29
367546450,29
338233972,29
368205960,29
338452914,29
338505343,29
352001966,29
338332456,29
338145429,29
338360891,29
367725050,29
368167580,29
338023823,29
338452582,29
338359789,29
338386497,29
369970601,29
338305628,29
338506403,29
316002167,29
368008750,29
369990280,29
367092680,29
338401809,29
316027594,29
368153830,29
338171434,29
200014202,29
367008290,29
316044656,29
368084030,29
366999634,29
367402110,29
338496371,29
338085723,29
368926279,29
316049761,29
338926448,29
338420784,29
338470022,29
338406895,29
338327402,28
338358538,28
338391196,28
338143798,28
367641650,28
338321526,28
368341780,28
368072170,28
316043228,28
338313791,28
338173796,28
338205861,28
368002880,28
369493324,28
338459593,28
338453152,28
338065889,28
338141087,28
367661970,28
368331750,28
316023892,28
367475210,28
338462009,28
368184710,28
316001221,28
368086460,28
338439536,28
316036294,28
338208027,28
338479209,28
338158448,28
367142780,28
316010284,28
378111896,28
338249619,28
316037255,28
338442041,28
368281320,28
338150128,28
368084240,28
316036212,28
368358650,28
367999470,28
366081959,28
316053674,28
338478485,28
338013264,28
316048631,28
316046639,28
338234407,28
367636160,28
338089823,28
367468880,28
338308381,28
338435449,28
367701150,28
338332168,28
352978275,28
316019069,28
368300550,28
368341180,27
368220120,27
368229040,27
338056274,27
338131037,27
368228490,27
367426260,27
848507543,27
201216315,27
367762590,27
367721650,27
338467938,27
316033327,27
338494269,27
316033338,27
316051184,27
368279840,27
367738090,27
367085510,27
368141880,27
367709140,27
316004386,27
367036760,27
367164430,27
367587750,27
338496704,27
338157143,27
338185699,27
367776070,27
338498827,27
366970520,27
338178555,27
338179527,27
338098928,27
368079720,27
367554440,27
316029692,27
368036550,27
338458941,27
368267570,27
368296790,27
338489229,27
368241090,27
338485183,27
338369213,27
338413214,27
368211010,27
368070870,27
368269140,27
338148317,27
100264014,27
316042661,27
338314122,27
316042783,27
338070361,27
338428217,26
368317770,26
338454223,26
367717830,26
369494126,26
367769420,26
338462608,26
319105100,26
338099413,26
338364064,26
368103180,26
368028260,26
316046398,26
368299880,26
367796890,26
338473302,26
338410993,26
319257500,26
316047597,26
338423427,26
367732850,26
368103730,26
338442803,26
338122505,26
338379669,26
338403183,26
338449777,26
338476598,26
338051669,26
338245618,26
338324301,26
316017648,26
338149414,26
367614620,26
368125220,26
366939140,26
338253824,26
369970498,26
316005659,26
338236794,26
367009820,26
367578590,26
367300430,26
636016739,26
636015404,26
369970964,26
316039513,26
367345720,26
338161553,26
338212759,26
368273450,26
338502607,26
338329745,26
338498354,26
316035442,26
316035088,26
338500118,25
368083230,25
368354190,25
338471927,25
338445236,25
338159838,25
338244418,25
477684600,25
367085940,25
368196350,25
338351596,25
338441453,25
316036192,25
367158550,25
367724810,25
338368627,25
338499658,25
367162680,25
338189849,25
338372627,25
367652830,25
338182882,25
338391653,25
338468304,25
368264370,25
338172121,25
338103194,25
345080041,25
316048381,25
338324415,25
367687620,25
338118984,25
338397075,25
316017616,25
338304831,25
338440303,25
368174340,25
338450752,25
338390411,25
368060230,25
338506001,25
368099390,25
338394932,25
316045155,25
253414000,25
368203510,25
368113750,25
367708890,25
368345160,25
368102540,25
338127935,25
338203906,25
338419264,25
338482806,25
367528230,25
367363460,25
368234430,25
338136073,25
109100558,25
367471480,25
338429028,25
338424346,25
367714780,25
368293540,25
338356322,25
316035928,25
367789570,25
367301760,25
338438475,25
316042115,25
255806138,25
368349090,25
367723180,25
368100010,25
316022518,24
367649090,24
367647770,24
338145492,24
338468655,24
338419953,24
338205009,24
338154918,24
367514590,24
338172519,24
338394362,24
368326420,24
338419101,24
338170488,24
338458864,24
338855000,24
338428075,24
367788560,24
338333902,24
316050154,24
368015460,24
338334768,24
983192191,24
338383189,24
338153611,24
368107020,24
338042781,24
368107520,24
316046609,24
338461096,24
316031218,24
338495249,24
368327420,24
338183911,24
338401259,24
338022000,24
367314820,24
338358313,24
369990235,24
316008380,24
368237240,24
338433741,24
316054159,24
338185144,24
636017637,24
338433347,24
368061650,24
338347929,24
338474134,24
338435954,24
338150617,24
367770790,24
368345680,23
368017080,23
338326571,23
338400804,23
368349150,23
338400989,23
338443393,23
316004835,23
367539840,23
338095135,23
366991469,23
368309440,23
338401401,23
338168194,23
368193790,23
338192064,23
368199030,23
129129903,23
338230334,23
316053731,23
316021493,23
367770710,23
338408455,23
338188454,23
338312193,23
338312201,23
338174396,23
338314418,23
338926306,23
338453886,23
367534330,23
366813170,23
316014351,23
368152760,23
368339760,23
211874730,23
367456920,23
368246690,23
368293870,23
338355569,23
338125397,23
368287030,23
338466767,23
367729880,23
368289490,23
338471733,23
338367817,23
316043933,23
367682660,23
338473086,23
369914081,23
369990306,23
338350528,23
338366852,23
338343934,23
338496401,23
367683580,23
368130450,22
368080330,22
369493180,22
345200020,22
316020814,22
636018910,22
338452488,22
368208290,22
338312313,22
338366531,22
368331120,22
338204125,22
367711070,22
338137129,22
368160080,22
367766920,22
367393250,22
367393670,22
338235062,22
338415252,22
316048235,22
366677130,22
316046847,22
368195390,22
368044420,22
368193320,22
338405328,22
369990153,22
369201000,22
338248437,22
368200280,22
367550180,22
316006213,22
316006246,22
368286070,22
338148147,22
259582000,22
338485977,22
338435431,22
367609740,22
338471443,22
338236605,22
368174890,22
503259600,22
338398097,22
368155740,22
367326990,22
367122980,22
338500454,22
368146510,22
316051239,22
338430327,22
367759420,22
338323622,22
338216314,22
338476105,22
338497488,22
368020950,22
368138250,22
316028573,22
368336910,22
338441694,21
366934810,21
316011765,21
368307780,21
338382868,21
338302121,21
368310390,21
368319620,21
366796790,21
338474221,21
369990462,21
338236111,21
316036627,21
338191503,21
366142000,21
368063660,21
368237740,21
316047686,21
338147511,21
338098685,21
367060930,21
368350060,21
316047264,21
338490681,21
338213486,21
316041723,21
338488608,21
338335912,21
367093070,21
369990272,21
338372559,21
338159837,21
367751960,21
338177821,21
338183951,21
338163786,21
367311410,21
338475313,21
338226523,21
367325850,21
338476514,21
338314057,21
367372480,21
368290650,21
338208063,21
367742580,21
367638170,21
338496251,21
338359496,21
235053832,21
316024446,21
368068540,21
368028160,21
338338707,21
338430655,21
368024730,21
368151870,21
368372160,21
338224622,21
368085430,21
367683970,21
367389000,21
367686170,21
367647650,21
367709780,21
338028401,21
316029121,20
368116040,20
367563350,20
338249562,20
369970147,20
368078240,20
636016396,20
369990171,20
368578000,20
338162577,20
338216049,20
338119515,20
367141110,20
368306050,20
316034566,20
338411009,20
985380251,20
316046194,20
338238897,20
367715680,20
368042950,20
316038447,20
338488866,20
316004455,20
367740480,20
368331840,20
367440530,20
775990253,20
338198003,20
367635350,20
338503617,20
368302530,20
368375960,20
316053669,20
368127630,20
368066240,20
338327784,20
338216598,20
368288360,20
316016831,20
338442437,20
338037794,20
316048271,20
766999501,20
338122206,20
367451270,20
338375027,20
316029758,20
368281860,20
338497435,20
338437931,20
367353110,20
338173845,20
338436021,20
316011773,20
338495983,20
368036110,20
338400066,20
369990345,20
338239968,19
367715410,19
368296010,19
367442120,19
367310520,19
235033238,19
338362495,19
338050538,19
338435425,19
316045448,19
338434815,19
338238608,19
367339520,19
368228940,19
367150210,19
311000334,19
338415084,19
368117560,19
369493601,19
319382000,19
367397990,19
338211456,19
367167440,19
368198540,19
368128820,19
367694640,19
338505489,19
367769260,19
338496006,19
316030742,19
338371972,19
316025779,19
338492815,19
338491396,19
316048733,19
368056110,19
367741890,19
338254199,19
367759860,19
338926117,19
368266120,19
338926140,19
338320896,19
316011650,19
338448917,19
316009550,19
377906000,19
378114105,19
338125871,19
338500409,19
338126204,19
316040449,19
338502312,19
338470957,19
338444831,19
367573960,19
367103950,19
338397508,19
338332109,19
367063090,19
338396623,19
338497848,19
338468874,18
636020252,18
367684000,18
338926189,18
368236490,18
368343570,18
338469084,18
368162290,18
316026373,18
339619000,18
338452477,18
368003000,18
369970256,18
316043728,18
368110640,18
368235010,18
316001416,18
533055100,18
368158080,18
369494741,18
316044568,18
368293210,18
338386114,18
316036348,18
338387043,18
338501855,18
338163067,18
338163365,18
338462114,18
338362538,18
338475899,18
367471430,18
367714640,18
368149610,18
338135027,18
338107406,18
368152930,18
338241217,18
368216240,18
368215840,18
369493646,18
338228267,18
338433635,18
368304780,18
369990365,18
367776680,18
366960370,18
338367716,18
319076301,18
369493032,18
338188145,18
338489494,18
316048378,18
257481000,18
367541650,18
368098090,18
563128300,18
338486019,18
538010358,18
316041733,18
368324020,18
338140355,18
316041376,18
368186330,18
366999706,18
368169590,18
338350753,18
367622310,18
367799730,18
368128030,18
366999464,18
368198090,18
338434869,18
338435187,18
338445651,17
338473515,17
316045007,17
368373390,17
367739090,17
109000148,17
338503744,17
367474230,17
368353370,17
338472395,17
563019800,17
367697710,17
367579140,17
583071124,17
367672230,17
338426887,17
367784840,17
312800000,17
338497257,17
367191610,17
367682160,17
338926182,17
538006506,17
338451307,17
316023265,17
316017732,17
367640650,17
316016660,17
338450817,17
338496083,17
316011999,17
316026772,17
366918840,17
367704930,17
316054655,17
366999758,17
366945120,17
316027563,17
512006155,17
367794640,17
366958890,17
367412590,17
369493012,17
367694150,17
367545040,17
338491779,17
338496488,17
338446477,17
367729340,17
368226410,17
338165468,17
368104630,17
338180000,17
368143020,17
368333680,17
368146350,17
368105490,17
368267950,17
368076590,17
338237254,17
368191930,17
338334752,17
338317911,17
338329874,17
338188072,17
338096299,17
338409803,17
368168690,17
338110159,17
338350309,17
368311580,17
368124160,17
338170591,17
368043650,17
338363908,16
368088630,16
316018563,16
338506496,16
316049006,16
366937890,16
368050960,16
367544180,16
368362270,16
367631000,16
316040921,16
254112000,16
338474748,16
367689530,16
368305370,16
368366310,16
338179266,16
338131759,16
316048848,16
338451283,16
368239220,16
367673930,16
316052726,16
338399072,16
338251428,16
338099547,16
366991431,16
338157913,16
367610380,16
338490481,16
368247890,16
316004832,16
316004641,16
368347890,16
338159456,16
368267670,16
338004418,16
338189586,16
338451161,16
367616580,16
338142401,16
338434592,16
368318470,16
368325580,16
338926186,16
338452348,16
316042805,16
367141580,16
366480000,16
368128210,16
338320649,16
368221330,16
338027709,16
338209675,16
338369867,16
368008760,16
316039128,16
338174369,16
367419150,16
338226056,16
368275580,16
369329000,16
338160198,16
368071860,16
338055959,16
368363450,16
775992257,16
316034496,16
338214508,16
316024871,16
368006470,16
368257960,16
367491240,16
316032412,16
338163452,16
367363930,16
368371170,16
368334260,16
367414660,16
368356770,15
636093085,15
368276180,15
316050493,15
367704290,15
368230580,15
368279770,15
338455399,15
338323607,15
316048117,15
367748650,15
338229937,15
338209232,15
368926567,15
338412043,15
338926786,15
368037480,15
367588550,15
316034327,15
367701230,15
367593970,15
368188530,15
367680650,15
316036776,15
338926115,15
338125195,15
338491686,15
368096490,15
338154554,15
369990378,15
366861910,15
368285310,15
338407516,15
316039728,15
323030103,15
338151875,15
368263710,15
316036137,15
338199461,15
367545490,15
316007838,15
368294220,15
538006753,15
338419736,15
368042260,15
338307846,15
316008039,15
366931390,15
338390554,15
338240335,15
378114112,15
368181750,15
369493730,15
368225930,15
366973860,15
232052015,15
338130896,15
368210570,15
316020998,15
338226406,15
338238394,15
368338530,15
338477181,15
367624320,15
316041591,15
338469973,15
368142960,15
338483639,15
338402205,15
338374883,15
368100440,15
367599140,15
367710740,15
316045625,15
338451201,15
367550580,15
271049667,15
368077470,15
338454829,15
316044788,15
269115060,15
368122530,15
316011319,14
369990324,14
368252760,14
366924480,14
338448944,14
367610190,14
368355690,14
338400131,14
368353690,14
338314338,14
338459381,14
338494927,14
338494981,14
367758330,14
368166570,14
368260090,14
316022982,14
368324620,14
367690920,14
367628560,14
338342569,14
368174360,14
338492626,14
367692810,14
368164020,14
338096624,14
368313810,14
319225700,14
366903210,14
338339471,14
366996830,14
338324812,14
338492001,14
338454371,14
338430214,14
368007530,14
367660940,14
338229164,14
232223000,14
232995476,14
338229553,14
316045186,14
368242060,14
338065556,14
338364114,14
367540020,14
249819000,14
338499491,14
368003280,14
368106730,14
338122366,14
368213160,14
338122738,14
338377714,14
316053379,14
338453559,14
109012020,14
368093030,14
367478120,14
367768350,14
338217000,14
338454054,14
368013510,14
338470008,14
367463820,14
367455610,14
338499744,14
367509590,14
368021380,14
316044312,14
368003070,14
316043473,14
323132110,14
338189441,14
367077580,14
368110660,14
338489119,14
368328950,14
368188930,14
316005396,14
316036553,14
366999558,14
369990258,14
338186584,14
316034873,14
316007188,14
368041890,14
367789420,14
316029379,14
316003643,14
316038763,14
338434331,14
338415705,14
368287810,14
338433977,14
316030644,14
338356608,14
338433824,14
338097802,13
316030693,13
368314360,13
338926640,13
338170774,13
368263660,13
316030655,13
338496683,13
316032524,13
367680670,13
338168558,13
338163877,13
338926624,13
316047952,13
338173738,13
316028852,13
338398653,13
338496598,13
338926164,13
338158347,13
338161257,13
338926652,13
338252755,13
338490148,13
338462695,13
367582940,13
338228895,13
316002406,13
367376880,13
338242658,13
338204717,13
636020799,13
338434862,13
338926940,13
235093681,13
367349170,13
338240051,13
338379012,13
368113680,13
338361231,13
368199970,13
338475937,13
367174370,13
367305240,13
636092824,13
338208268,13
338222942,13
338302293,13
316039577,13
316047789,13
316022594,13
316020829,13
338404847,13
367780480,13
369999463,13
338461053,13
367623570,13
338387937,13
338217412,13
255900000,13
338148177,13
338408153,13
316009517,13
338428328,13
316035702,12
338367835,12
338161022,12
368366030,12
338476976,12
338471178,12
368089390,12
338123469,12
338377747,12
316045305,12
368302250,12
367721160,12
338369857,12
368095030,12
368114760,12
338477407,12
338465924,12
367683520,12
367688250,12
368371250,12
338459444,12
338493172,12
338346678,12
369990350,12
338387933,12
369990304,12
316036626,12
338111909,12
367679710,12
338115022,12
368079570,12
316036406,12
338385969,12
338488712,12
338354413,12
338144513,12
368286320,12
316050597,12
367749040,12
338355862,12
338464757,12
368308010,12
338361264,12
316049466,12
338053526,12
338319112,12
367774830,12
316003642,12
338228449,12
477859900,12
368266580,12
338170498,12
338437018,12
338181569,12
367038090,12
367326240,12
368325260,12
368332290,12
338306925,12
338421088,12
319069400,12
368325790,12
338400833,12
316001640,12
338190748,12
338434542,12
338926943,12
368239930,12
338926953,12
311000584,12
338177204,12
338239779,12
367559430,12
338239998,12
338926105,12
367336220,12
367653040,12
338327288,12
338425803,12
338214779,12
368328310,12
319245100,12
368039310,12
338424751,12
338503235,12
338218989,12
338045605,12
368144920,12
210912000,12
319743552,12
538006177,12
368213060,12
338452000,12
368044560,12
367770680,12
316013941,12
316014152,12
338034768,12
369990116,11
316042743,11
367752460,11
368186210,11
338408814,11
538072128,11
338074136,11
566414000,11
338075964,11
368121920,11
367126910,11
563103000,11
368247280,11
338434844,11
338242673,11
367589710,11
367073680,11
338500505,11
316003445,11
388434509,11
367746150,11
368010310,11
338378673,11
338205511,11
338032911,11
367738240,11
338474364,11
316048371,11
338424089,11
338473807,11
367739830,11
367512180,11
338126813,11
367470140,11
368229010,11
367730230,11
338427192,11
109030425,11
338234365,11
368332590,11
368242180,11
368200980,11
338483012,11
367549180,11
316044719,11
338433339,11
338014000,11
369494740,11
369990297,11
338197837,11
368087420,11
316044798,11
367212000,11
367312380,11
367320950,11
338234569,11
369493670,11
367719830,11
338348785,11
367753310,11
338496019,11
338107596,11
316052345,11
338313435,11
316038488,11
316329000,11
316039052,11
369990298,11
338339649,11
368130320,11
338446643,11
367686220,11
367687540,11
372269000,11
368312810,11
538005786,11
316023275,11
367773340,11
316037846,11
316027766,11
316033324,11
368069960,11
338453605,11
338332974,11
338333932,11
316034319,11
316033651,11
338454773,11
316028227,11
338506846,11
316036034,11
338169074,11
368152890,11
338053574,11
338926110,11
316021753,11
338471644,11
338304517,11
338347828,11
338148356,11
316014640,11
338443444,11
368255540,11
369990313,11
369990451,11
366951920,11
368129310,11
316040803,11
368045710,11
338402991,11
316020724,11
371086000,11
316011736,11
338302465,10
367654590,10
338507273,10
368268830,10
368196870,10
316045315,10
368276510,10
338130007,10
367346580,10
367679670,10
316028676,10
368277460,10
338226221,10
338159944,10
338249378,10
338327121,10
316034757,10
368227050,10
316047714,10
368227330,10
316009304,10
367479640,10
338253302,10
367731040,10
368301680,10
316010256,10
368123370,10
338331165,10
338491386,10
367465670,10
368300480,10
368144410,10
338219824,10
316032237,10
211206640,10
367431280,10
316028433,10
367331870,10
368265320,10
369990214,10
367720980,10
369970597,10
338479807,10
338196719,10
311000368,10
338137417,10
316001759,10
316039864,10
367570790,10
368286660,10
367141480,10
316042982,10
316023718,10
316020966,10
368112830,10
367706380,10
577263000,10
316021627,10
316040258,10
338494839,10
538007462,10
303198000,10
368293430,10
636017375,10
338247897,10
338202313,10
369493655,10
367645990,10
316026746,10
369493678,10
338337767,10
368238210,10
338155507,10
367078680,10
369494315,10
338180839,10
368189780,10
367180560,10
316020226,10
367179650,10
338926820,10
369560000,10
316008174,10
316052365,10
316049854,10
368320120,10
338104251,10
368066250,10
338409545,10
338071737,10
338107268,10
338418003,10
368350390,10
338381191,10
338109758,10
316052265,10
338437134,10
338461306,10
316054659,10
316052165,10
338097418,10
338423388,10
338445501,10
319041000,10
338430321,10
338458515,10
368363510,10
338117838,10
316048127,10
338415146,10
338425454,10
323110000,10
338076463,10
338452698,10
338413982,10
368348280,10
368336820,10
368019650,10
338454412,10
235112322,9
369990457,9
338115852,9
338181202,9
367619250,9
236112610,9
338407182,9
338136739,9
338421642,9
338345509,9
367720330,9
338303737,9
338389854,9
338231786,9
338200722,9
367528030,9
352003586,9
563514000,9
338358962,9
338430391,9
338430371,9
367566470,9
338384041,9
338474679,9
338435197,9
338356862,9
368253270,9
366977850,9
338437817,9
338362878,9
338080941,9
338488479,9
338477819,9
368080050,9
366997330,9
338145439,9
378114115,9
338489783,9
316007157,9
366989640,9
338238428,9
316013560,9
369990205,9
338194009,9
369990206,9
368121840,9
316050912,9
368251550,9
368179690,9
338301279,9
316050986,9
368329410,9
338110345,9
338486729,9
338206199,9
338489573,9
338219948,9
338331203,9
367684150,9
367675370,9
368065810,9
338455419,9
338496269,9
367433240,9
338155129,9
316053465,9
316033426,9
338370449,9
338391749,9
338926166,9
368155660,9
338497148,9
368013450,9
367682460,9
367682040,9
338496099,9
338215443,9
338341696,9
316039457,9
368260610,9
338213027,9
338507578,9
378113896,9
367672660,9
338160545,9
388158519,9
388201223,9
368140150,9
316037327,9
368334340,9
338507663,9
338397279,9
368054380,9
227730770,9
378112056,8
378111704,8
338103586,8
367656450,8
367680520,8
316036598,8
368149140,8
378112666,8
338439135,8
368361670,8
369990138,8
338080747,8
338083224,8
338502215,8
367564560,8
367113020,8
338161000,8
369970443,8
367706860,8
367576660,8
378113429,8
316036085,8
338502218,8
319421000,8
316033926,8
368188610,8
316033841,8
338163895,8
368135870,8
316005583,8
366999858,8
338455654,8
316007899,8
372191000,8
316050838,8
319255900,8
316038872,8
316026326,8
368174380,8
316016671,8
338926608,8
367780470,8
368255990,8
338179903,8
338445233,8
368356180,8
368307230,8
338960330,8
367635240,8
367635320,8
368260810,8
316023644,8
316040423,8
338310241,8
368371890,8
367759480,8
339538000,8
338459234,8
338402437,8
316016415,8
338926174,8
366771490,8
316037111,8
316029725,8
316008338,8
366967650,8
316036809,8
367695720,8
316053851,8
319245500,8
367787260,8
368178410,8
338491897,8
338441756,8
368157950,8
368178240,8
367694450,8
338087488,8
368060370,8
338461594,8
316014850,8
338346762,8
366841320,8
368264730,8
338149445,8
352002991,8
338499701,8
367515070,8
636016710,8
367331990,8
338364271,8
303544000,8
338219251,8
338232742,8
338472955,8
316043882,8
367350570,8
368216720,8
338478506,8
368090370,8
316048731,8
316048682,8
338202837,8
367530410,8
316046057,8
367390210,8
368298470,8
308865000,8
338229045,8
316048637,8
368205860,8
155012139,8
369494807,8
247240600,8
338419815,8
368003330,8
367721950,8
316048033,8
338476114,8
368238560,8
338426203,8
338037009,8
338367081,8
367377130,8
368338320,8
368096120,8
338363436,8
368238760,8
338470288,8
316049396,8
368221940,8
338238161,8
338469443,7
316022593,7
316040059,7
345020016,7
368088720,7
345080023,7
367523960,7
338129477,7
368167170,7
367562620,7
338343396,7
367718930,7
338462269,7
367311840,7
368326780,7
367784820,7
338461986,7
338492331,7
338432214,7
538009901,7
232056448,7
338475648,7
338475564,7
316016606,7
338304806,7
338065365,7
316017885,7
316019264,7
338431113,7
338314158,7
368164740,7
367473570,7
338397254,7
316053753,7
367726550,7
338167908,7
316047155,7
316031782,7
338328414,7
338427582,7
368019860,7
338329686,7
338472037,7
368271410,7
316033381,7
367775190,7
338123391,7
368093780,7
338471066,7
316036191,7
367765570,7
338471265,7
386345540,7
367673460,7
367766310,7
369054000,7
974013846,7
338499687,7
316030541,7
316030283,7
338324987,7
316053764,7
338174872,7
367641640,7
316097000,7
369990274,7
338367859,7
368215370,7
368160350,7
367772890,7
367511250,7
316038597,7
338208181,7
316054499,7
338926153,7
338212391,7
636092825,7
368266340,7
316028581,7
368266560,7
316037547,7
368153910,7
338496804,7
316054053,7
338398873,7
316029041,7
316029298,7
316044979,7
338400433,7
338144203,7
338195485,7
316042598,7
338254868,7
338003627,7
316001101,7
338481761,7
367020260,7
316044278,7
319255700,7
338197593,7
316050436,7
338241645,7
368307130,7
563156500,7
338244563,7
369990192,7
338246424,7
368348360,7
316050248,7
338352864,7
368240350,7
367550760,7
338479278,7
338434673,7
368549000,7
338485081,7
338133219,7
368116170,7
367083970,7
366951880,7
368327160,7
367134930,7
311001470,7
367129010,7
636012766,7
309372000,7
316009168,7
367413020,6
316026497,6
338926909,6
338316016,6
338010122,6
367433670,6
338314744,6
368288240,6
368343650,6
338239253,6
316023267,6
367139130,6
367107830,6
338175351,6
366999972,6
338060078,6
368144950,6
338437084,6
316042815,6
338926880,6
316002057,6
338367205,6
368290830,6
368160120,6
316033093,6
367025330,6
227208750,6
367632970,6
368073570,6
613914101,6
368097550,6
311000953,6
368329560,6
338126794,6
338060014,6
338451158,6
338428849,6
368113460,6
338219926,6
338557000,6
316053845,6
368368180,6
368346280,6
338485291,6
316042538,6
338473123,6
338189717,6
338224321,6
563170400,6
316047246,6
367465270,6
367100060,6
316004318,6
338416956,6
338039852,6
316043865,6
338498752,6
316027797,6
316031567,6
338391547,6
368298810,6
338464643,6
316028561,6
316003695,6
316042133,6
338428062,6
316037578,6
316046471,6
338481271,6
316050025,6
368312930,6
338149666,6
577260000,6
338182242,6
367185320,6
316016066,6
338346637,6
316007656,6
316045043,6
316035956,6
316050801,6
338119259,6
316050767,6
338499394,6
338352498,6
368071000,6
338433359,6
368173110,6
367709550,6
316017089,6
338475982,6
316014368,6
338305279,6
369990292,6
338301189,6
368224520,6
368028180,6
316050964,6
368027940,6
338363638,6
338054556,6
367308910,6
368251730,6
366869830,6
368044370,6
316045002,6
338236468,6
367611000,6
338500319,6
338350383,6
316013604,6
338467217,6
368172680,6
338211255,6
368109590,6
316044499,6
338393845,6
316040809,6
338358586,6
316045122,6
338343357,6
338210379,6
369990105,6
367664650,6
338310916,6
316006882,6
316005832,6
367592890,6
338462869,6
338376246,6
367398010,6
338157686,6
338104732,6
368143660,6
316043683,6
368291170,6
352980766,6
368196920,6
775992446,6
338123865,6
338179517,6
316018327,6
338363284,6
338241144,6
338215012,6
368083330,6
338493859,6
338331776,6
368014870,5
316032409,5
338333199,5
316002610,5
368315130,5
565376000,5
316001877,5
368222320,5
338325852,5
316033188,5
338452439,5
338219296,5
338433902,5
338211327,5
316034303,5
323144000,5
316032408,5
338300364,5
368032190,5
367399210,5
338430883,5
367550530,5
366048300,5
367362830,5
316018816,5
316018945,5
338179392,5
316020643,5
338445333,5
366991435,5
367367970,5
338438943,5
352001262,5
367384450,5
338176247,5
316017077,5
368040660,5
367171350,5
368326340,5
338441095,5
367604660,5
368350260,5
338236891,5
367312770,5
367313170,5
367191940,5
338252773,5
338234656,5
368253880,5
366842210,5
338185055,5
367331060,5
269116040,5
368023150,5
366999504,5
367504420,5
338248858,5
338926170,5
338224347,5
512000883,5
367058670,5
211766680,5
368059480,5
316028388,5
367650420,5
338243809,5
338414489,5
316054038,5
338208347,5
316053999,5
338428565,5
368020430,5
367508940,5
316027146,5
563095800,5
338206368,5
338186936,5
345020020,5
316023066,5
232010295,5
316023269,5
367401050,5
367160010,5
338023196,5
338175031,5
338926648,5
338926627,5
220590000,5
316004831,5
563086300,5
368160730,5
338471439,5
316048771,5
368105050,5
316042377,5
369990251,5
367722870,5
338481634,5
316046759,5
369990450,5
316049683,5
316037398,5
338462326,5
338376637,5
316041247,5
316051353,5
368108830,5
368276670,5
316041621,5
338337046,5
368287940,5
338472203,5
316043803,5
370528000,5
316041513,5
338139499,5
338365973,5
367720060,5
367705520,5
338485667,5
368136470,5
316049876,5
316048424,5
338334747,5
338497982,5
316050663,5
338336285,5
369970600,5
368370250,5
368310980,5
338345354,5
338477451,5
316048315,5
368296920,5
316048307,5
338375686,5
367722840,5
338457377,5
368085370,5
338380501,5
367700360,5
367705960,5
338363417,5
368293990,5
368926311,5
367706690,5
316036623,5
338339427,5
316044702,5
316037889,4
338469228,4
338119982,4
338404648,4
367523380,4
338430513,4
338204859,4
367523370,4
338361137,4
338351714,4
368319960,4
368172570,4
316052391,4
367621230,4
368062810,4
316042698,4
316041625,4
232014181,4
368333620,4
368267940,4
338484613,4
338398605,4
232031662,4
338926103,4
316001890,4
316037287,4
368080610,4
316041547,4
316054107,4
368195690,4
367117450,4
316041385,4
368155160,4
367799880,4
338338822,4
357982000,4
316001022,4
316048854,4
316025921,4
338236294,4
368091720,4
338239023,4
338093828,4
316044494,4
338391174,4
367167770,4
345080024,4
316024809,4
366986330,4
316052221,4
338198903,4
338467215,4
316024197,4
367546310,4
368054280,4
316023761,4
367549120,4
368164490,4
367180360,4
265758190,4
367639050,4
368239690,4
338458055,4
368293830,4
310661000,4
338309595,4
338496168,4
311000660,4
338475007,4
367127950,4
368082290,4
338434016,4
338482493,4
368159140,4
368330630,4
368109430,4
338926172,4
235082858,4
367531650,4
338316398,4
338449984,4
368198930,4
316051706,4
316020728,4
338308906,4
368236680,4
338403245,4
316038973,4
338065404,4
338309402,4
338431996,4
338494604,4
367157240,4
316045041,4
338242702,4
338190446,4
316050302,4
316033701,4
338144027,4
368315670,4
338499319,4
378113349,4
200000000,4
316033881,4
368097350,4
367607230,4
338369882,4
316052411,4
316051088,4
338078722,4
367014880,4
316033478,4
338394593,4
338183078,4
368926482,4
338329911,4
378112939,4
366896890,4
338355394,4
366891130,4
338218199,4
338499363,4
316053424,4
368221890,4
338212785,4
316007029,4
316047922,4
368118550,4
316053079,4
338253432,4
316047894,4
338250857,4
378410000,4
941217616,4
316035167,4
369980164,4
367601010,4
316048116,4
316036012,4
338374386,4
338501016,4
369990242,4
338216076,4
367730750,4
338353718,4
368144250,4
338392419,4
338302994,4
316030138,4
316031693,4
316014609,4
316030652,4
368304060,4
368253730,4
367722650,4
316014372,4
316030351,4
338464749,4
338357355,4
323097000,4
338303448,4
368362520,4
369990312,4
338335981,4
338168006,4
316032834,4
367617130,4
338507035,4
368045640,4
316030053,4
367657980,4
338506236,4
316048329,4
368194980,3
538090575,3
338181875,3
316044487,3
338417141,3
338443302,3
338269000,3
316006292,3
338490565,3
368000430,3
316005952,3
367716430,3
316050937,3
316021724,3
368166460,3
338153548,3
338446441,3
338133324,3
366877880,3
316040219,3
316002465,3
368314840,3
367574230,3
316042487,3
636016002,3
368354590,3
366990030,3
368001000,3
367548450,3
338311712,3
366807660,3
338490293,3
316050758,3
367170060,3
338242732,3
338466234,3
338146812,3
367171910,3
368354320,3
367171030,3
316051972,3
300000098,3
345026013,3
369990254,3
368122420,3
369990252,3
316044131,3
316005772,3
316001070,3
367584940,3
368197790,3
338302589,3
369990293,3
368032830,3
338442028,3
367033160,3
368197010,3
316004596,3
563092200,3
563128400,3
338142837,3
316041703,3
338306941,3
316051222,3
367564050,3
316012950,3
316041353,3
316043645,3
316041354,3
316043602,3
367583290,3
338305604,3
316004038,3
367014970,3
338241472,3
367796330,3
338479934,3
366945360,3
338493436,3
368185220,3
316050639,3
366944560,3
368074280,3
366837840,3
368241720,3
316049672,3
367695880,3
368252260,3
368046580,3
367105250,3
338239347,3
338347314,3
338193442,3
368051010,3
338347371,3
316020651,3
338408655,3
338302698,3
368195850,3
338344412,3
338446488,3
338353368,3
316029594,3
368210430,3
316028462,3
367523170,3
200000003,3
316037705,3
316037679,3
368234390,3
368023390,3
316037659,3
316028749,3
316028783,3
367392090,3
367680990,3
636021648,3
232024673,3
338122312,3
316028373,3
338450195,3
316047108,3
338926163,3
368264980,3
235036397,3
367530190,3
368229370,3
316034154,3
368210750,3
316054638,3
232048826,3
338204628,3
367768910,3
338474853,3
316028008,3
338457411,3
338365742,3
316036881,3
338227046,3
369294000,3
338166261,3
338424258,3
316033138,3
368217410,3
367679560,3
316033054,3
316031868,3
316046344,3
368313840,3
316053642,3
338158377,3
368276780,3
316032474,3
316053586,3
316036307,3
369390000,3
316030714,3
367517730,3
316036763,3
367403470,3
316029551,3
339235000,3
316036768,3
367405770,3
367410780,3
338507295,3
316052649,3
338226496,3
378113049,3
338395836,3
316045597,3
367763030,3
367676690,3
368157750,3
338208257,3
338363905,3
338430839,3
368306690,3
338501468,3
367488980,3
338476847,3
316054948,3
338237925,3
338025063,3
316026158,3
338392892,3
338161144,3
338499928,3
338457779,3
369494413,3
367337920,3
368203810,3
338334382,3
338066186,3
338432329,3
368302650,3
369494307,3
383192277,3
338476419,3
316025008,3
369494392,3
338237276,3
368261250,3
338234045,3
316047606,3
338314405,3
338401223,3
338016937,3
368018060,3
367728980,3
316039505,3
316027481,3
316036077,3
338332197,3
316027367,3
316038708,3
338499688,3
367494150,3
368085220,3
367352160,3
338232859,3
367183070,3
338457761,3
338313065,3
316048155,3
367667140,3
316042106,2
338250356,2
316004449,2
367028740,2
338368319,2
338251224,2
338429157,2
338145405,2
338368478,2
338369004,2
338208269,2
367506980,2
316004106,2
368337970,2
368017530,2
338355103,2
338471548,2
367471790,2
338354823,2
212125000,2
369123456,2
338187322,2
316005542,2
338144023,2
367593060,2
338472318,2
368185980,2
367792750,2
316041693,2
367733350,2
338248792,2
316041709,2
368221660,2
338412018,2
368248420,2
368335010,2
316041876,2
368090490,2
368187810,2
913031355,2
316048081,2
338187549,2
338425318,2
368016750,2
367478630,2
368220090,2
316006081,2
367014420,2
368015580,2
338486965,2
338424656,2
368117270,2
338464277,2
368029860,2
367795160,2
338380912,2
338239314,2
338467629,2
368291720,2
338134911,2
368332610,2
338233619,2
369493679,2
368207790,2
367150190,2
338473615,2
367353430,2
338135682,2
338364338,2
367892170,2
338433727,2
367530530,2
311001480,2
338465562,2
338201997,2
338195015,2
338362598,2
338467527,2
368001280,2
367716910,2
367173160,2
367547290,2
338433077,2
369494722,2
368200740,2
367716740,2
338132926,2
368202210,2
367305380,2
368200470,2
338432716,2
369494283,2
338238572,2
368199720,2
338236023,2
338475084,2
234611797,2
367710890,2
367086070,2
338429848,2
367578330,2
367578570,2
338226203,2
338206761,2
368287360,2
368035730,2
316042208,2
367431020,2
338243556,2
367579190,2
316045929,2
368217650,2
338116596,2
367510960,2
338429198,2
368329170,2
369493015,2
367412740,2
369493622,2
228406800,2
338422684,2
232053607,2
368295760,2
338380196,2
338191175,2
368289780,2
636021162,2
367523080,2
367566980,2
316001387,2
316045287,2
368006950,2
368345440,2
368287890,2
338228436,2
368296710,2
338367603,2
338132901,2
338159986,2
369990198,2
368054020,2
338446346,2
338176163,2
338341699,2
368166320,2
368053520,2
538006501,2
372487000,2
367686970,2
316052084,2
367638180,2
367638250,2
367640270,2
338340263,2
338339785,2
316021721,2
338457847,2
338313169,2
368163440,2
316024764,2
338496093,2
316039164,2
367641670,2
338926650,2
316025249,2
368131150,2
338313535,2
338926615,2
316026124,2
316021742,2
368371490,2
316026159,2
367628630,2
338389161,2
368254890,2
338389702,2
367619780,2
366732780,2
316016741,2
338404863,2
316017005,2
338345227,2
338444148,2
338180406,2
316041391,2
338459983,2
338305783,2
316021508,2
338404246,2
368172170,2
368280860,2
354197000,2
368075890,2
338179584,2
368128860,2
338307751,2
338307934,2
338309099,2
338108513,2
338445676,2
338342835,2
338313814,2
316026345,2
316015807,2
316034456,2
316033048,2
368067720,2
316036301,2
316033139,2
378112957,2
316036225,2
367664110,2
316033829,2
367675780,2
367664180,2
316034094,2
316036182,2
338502131,2
338394111,2
338328708,2
316034591,2
338161991,2
338332635,2
367668550,2
368070650,2
368138670,2
368364880,2
367767330,2
316035714,2
378113855,2
338106996,2
378114136,2
338334014,2
338503857,2
368367640,2
316038927,2
338337599,2
368278790,2
338316556,2
368058970,2
338156052,2
367761860,2
338320053,2
338156114,2
316052306,2
338926157,2
503139110,2
316028342,2
503001530,2
338337765,2
316028701,2
368316890,2
376903000,2
338322237,2
338156414,2
338450834,2
338497227,2
338397814,2
368268520,2
316052469,2
338397208,2
316030908,2
368277440,2
368313910,2
338506726,2
316051368,2
338159597,2
369990219,2
338253178,2
338349609,2
366981360,2
316014426,2
316007835,2
338490275,2
338148641,2
338440832,2
316010250,2
338300992,2
367605650,2
316009906,2
319205900,2
367696120,2
338109564,2
316051128,2
316051162,2
367601930,2
368326730,2
316009498,2
338490727,2
366888000,2
366896150,2
316012774,2
369990278,2
368282480,2
316015743,2
316015747,2
367607210,2
316011505,2
338492616,2
316015562,2
316051099,2
316011582,2
316030285,1
316036629,1
367722814,1
316030507,1
367412270,1
316009640,1
367515020,1
338496301,1
316036638,1
316027599,1
338507624,1
338324979,1
316029537,1
338204041,1
229749000,1
367591910,1
338206425,1
316029344,1
368233450,1
477608600,1
338336146,1
367606820,1
366999606,1
367647000,1
338429266,1
316052547,1
368148120,1
338438635,1
316009465,1
368232530,1
367426360,1
338429468,1
367426230,1
367422640,1
366947980,1
368132110,1
235076277,1
367647490,1
338469842,1
221350040,1
338441038,1
367513510,1
367416320,1
368251930,1
338325539,1
367721750,1
338317659,1
368038430,1
367649380,1
368133140,1
338430675,1
368248560,1
367590380,1
316054379,1
368186140,1
232960122,1
338349679,1
503151170,1
636021215,1
338320386,1
367648570,1
512007974,1
316010363,1
338486985,1
504915592,1
316011427,1
338131376,1
338099188,1
338399053,1
366999868,1
338336534,1
512202060,1
368333102,1
316036853,1
338366846,1
338227315,1
316036857,1
316053938,1
369493130,1
368153480,1
338227791,1
338422072,1
338378281,1
338155314,1
368316650,1
233904092,1
338496894,1
338400079,1
636021554,1
338337515,1
367521470,1
338450578,1
316003544,1
212215004,1
368100570,1
338455202,1
904598346,1
903912244,1
338454968,1
368139980,1
870263586,1
338471666,1
338500968,1
316034894,1
368315180,1
367598070,1
316047682,1
367788750,1
367482190,1
368273490,1
316006924,1
771021928,1
368094960,1
316036101,1
368042000,1
738809665,1
338386215,1
338452897,1
367666170,1
109090201,1
338334159,1
941202415,1
367764330,1
367485730,1
368284170,1
369990155,1
367493730,1
316053095,1
316007279,1
316053191,1
316035439,1
338251648,1
368328080,1
367790940,1
367486000,1
368224470,1
941220601,1
974603779,1
974578233,1
974576277,1
974572448,1
974572259,1
974017624,1
974016800,1
378113713,1
972604586,1
970173457,1
970027519,1
316047318,1
368276150,1
368337270,1
338335402,1
368067820,1
316033273,1
338224299,1
316033152,1
211382230,1
368249690,1
366964910,1
316046444,1
367595030,1
367508050,1
368180050,1
368066840,1
368337330,1
366961080,1
211815110,1
338473566,1
450723986,1
367646850,1
368298370,1
368078380,1
368218160,1
368136760,1
338103773,1
338327819,1
338411332,1
338503223,1
338369005,1
368021000,1
338249908,1
367468790,1
338209735,1
316036193,1
316047178,1
338370404,1
419111918,1
366996032,1
338424668,1
367664160,1
316033847,1
316008244,1
338472574,1
204275728,1
319251100,1
338163967,1
338335014,1
367504962,1
367458870,1
368020760,1
368219740,1
367702252,1
367452930,1
316027369,1
338431137,1
316038648,1
336953740,1
367148860,1
338004751,1
338239395,1
368291290,1
368080080,1
368353220,1
316019475,1
338188493,1
316040983,1
316003890,1
316041196,1
338245572,1
338092775,1
338307136,1
367711862,1
368197370,1
356585000,1
316018825,1
338240198,1
367132120,1
316041207,1
316018772,1
338109335,1
316018697,1
311000852,1
352306000,1
357338000,1
316021292,1
338413347,1
368579000,1
347016640,1
338446328,1
338183069,1
316040366,1
316013210,1
316044202,1
338342934,1
311000143,1
538010467,1
316021258,1
633390400,1
316040487,1
311000389,1
338093177,1
338107783,1
538007398,1
367613740,1
323000094,1
338308769,1
338093015,1
368075540,1
367557370,1
314425952,1
357644000,1
316027199,1
368329840,1
369990368,1
338460354,1
367615260,1
316015303,1
338182181,1
316001881,1
367782850,1
316042956,1
367755930,1
338443034,1
338116969,1
316050282,1
367625740,1
316041667,1
316016449,1
367619060,1
316003590,1
368345730,1
367575090,1
338303061,1
316003580,1
338243284,1
367085790,1
338385151,1
338358285,1
367569680,1
338444925,1
338191074,1
338192304,1
365599815,1
365733058,1
316003701,1
338361141,1
368289910,1
338191982,1
367126630,1
316001236,1
316051343,1
367565330,1
338148983,1
338492515,1
316001265,1
368324710,1
338407282,1
366615350,1
338415555,1
366623948,1
338140835,1
367115490,1
338493351,1
316001500,1
368329910,1
367777570,1
368073820,1
316004319,1
338486362,1
338313548,1
367787070,1
316025968,1
367643694,1
368341760,1
246917280,1
247222930,1
538004715,1
247304600,1
368084710,1
368105650,1
367742660,1
367643971,1
338437279,1
338926637,1
316117000,1
636017903,1
338200347,1
316341000,1
338237103,1
338432633,1
367028436,1
367703230,1
369494390,1
368178750,1
338421219,1
316022515,1
236202000,1
368208390,1
636019982,1
316041866,1
368357970,1
316045067,1
368132040,1
368192220,1
338431324,1
316054668,1
316038777,1
338364201,1
316038811,1
338247241,1
338339249,1
316038974,1
316054739,1
367334710,1
338926359,1
338475754,1
316026297,1
367684350,1
538004174,1
367326490,1
338301424,1
316025124,1
338301968,1
316024967,1
367583402,1
316023672,1
316023484,1
316039606,1
338014135,1
338238441,1
338355309,1
368330930,1
368164910,1
303189000,1
367694420,1
368260320,1
338458073,1
368342050,1
316023226,1
316044722,1
338311634,1
367687560,1
316049287,1
316004454,1
316040141,1
367170830,1
367583340,1
316012592,1
316004338,1
319006200,1
368073680,1
368115140,1
338417853,1
368123920,1
338237416,1
367300670,1
316024861,1
338183325,1
367749140,1
338448457,1
316004634,1
316039247,1
338433031,1
373568000,1
369990197,1
367191260,1
338095705,1
368201140,1
368342510,1
369990300,1
369495195,1
338381831,1
338417856,1
316023759,1
261001128,1
316004535,1
316052126,1
